ID,Shard,Title,Location,Status,Verification,Notes
OpenMU#1,A,路径预计算序列化长度不匹配,,,,
OpenMU#2,A,路径预计算byte循环坐标255回绕,,,,
OpenMU#3,A,Dapr HTTP宿主监听所有接口无认证授权,,,,
OpenMU#4,A,登出不校验serverId,,,,
OpenMU#5,A,TryLogin CAS失败后仍写服务器索引,,,,
OpenMU#6,A,心跳PublicEndPoint未验证即注册,,,,
OpenMU#7,A,迁移SQL拼接角色名/密码/schema,,,,
OpenMU#8,A,源生成器不删除旧.Generated.cs,,,,
OpenMU#9,A,Cloneable生成器hint name冲突,,,,
OpenMU#10,A,管理员存储探测吞取消异常,,,,
OpenMU#11,A,代理发送绕过OutputLock,,,,
OpenMU#12,A,Listener ClientAccepted异常不清理连接,,,,
OpenMU#13,A,代理初始化失败serverSocket泄漏,,,,
OpenMU#14,A,管理API用集合位置代替服务器ID,,,,
OpenMU#15,A,状态接口未await异步遍历并重复序列化,,,,
OpenMU#16,A,Dapr状态更新吞异常返回成功,,,,
OpenMU#17,A,Docker实例管理器静默空操作,,,,
OpenMU#18,A,配置变更DTO含System.Type,,,,
OpenMU#19,A,密钥初始化任务未await,,,,
OpenMU#20,A,distributed Compose固定凭据/Redis空密码(=D-01),,,,
OpenMU#21,A,生产反代直接暴露管理后台,,,,
OpenMU#22,A,生产镜像latest无标签(=D-05),,,,
OpenMU#23,A,Claude工作流权限过宽,,,,
OpenMU#24,A,Socket测试无界等待未回收任务,,,,
OpenMU#25,A,AttributeRelationship替换操作数缓存/订阅过期,,,,
OpenMU#26,A,DataUpdateService缺并发闸门,,,,
OpenMU#27,A,代理fire-and-forget接收任务,,,,
OpenMU#28,A,默认DetailedErrors泄露异常,,,,
OpenMU#29,A,动态编译插件无隔离/签名,,,,
OpenMU#30,A,BackupManager测试清理掩盖主体失败,,,,
OpenMU#31,A,路径流格式边界缺覆盖,,,,
OpenMU#32,A,真实Socket/加密fixture被Ignore,,,,
OpenMU#33,A,EF真查询测试被Ignore,,,,
OpenMU#34,A,发布包smoke test仅opt-in,,,,
OpenMU#35,A,注册/密码重置测试绕过真实HTTP host,,,,
REV-LetterIdx,A,信件索引==Count未拒绝(LetterReadRequestAction),,,,
REV-PartyKick,A,PartyKick索引未校验,,,,
REV-AddExp,A,AddExperience空目标解引用,,,,
REV-ByteDl,A,byte[]下载控制器无授权,,,,
REV-JsonDl,A,AdminPanel匿名单对象JSON导出,,,,
REV-ScopedGrid,A,ScopedGridNetwork边界排除终点,,,,
REV-PluginPath,A,外部插件程序集路径穿越加载,,,,
REV-ReleaseGate,A,Docker发布流水线只检查主镜像tag,,,,
REV-CachedRepo,A,CachedRepository首次加载竞态,,,,
OGR-CODE4-01,A,匿名自助接口账户级失败锁定无法生效(账户锁定),,,,
OGAF-01,A,管理员库错误时匿名满足/setup授权,,,,
OGAF-02,A,Blazor circuit状态复核异常保留旧角色,,,,
NA#1,A,Network Analyzer问题1(本地捕获文件/生命周期),,,,
NA#2,A,Network Analyzer问题2(本地捕获文件/生命周期),,,,
NA#3,A,Network Analyzer问题3(本地捕获文件/生命周期),,,,
P1,A,Persistence bytea/hex JSON回读截断(BinaryAsHexJsonConverter),,,,
GAP-API-01,A,"手机GM幂等键仅进程内,重启重试重复发奖",,,,
AC-COMP-01,A,Admin组件缺陷:AC-COMP-01,,,,
AC-COMP-02,A,Admin组件缺陷:AC-COMP-02,,,,
AC-COMP-03,A,Admin组件缺陷:AC-COMP-03,,,,
APGS-01,A,Admin Pages/Services:APGS-01,,,,
APGS-02,A,Admin Pages/Services:APGS-02,,,,
APGS-03,A,Admin Pages/Services:APGS-03,,,,
P2-1,A,初始化分阶段提交故障留半成品库,,,,
P2-2,A,Season6混沌合成迁移先删旧组无法自愈,,,,
PLAT-D01,A,Compose固定凭据/Redis空密码(=#20),,,,dedup OpenMU#20
PLAT-D02,A,D-02 OpenMU交付,,,,
PLAT-D03,A,D-03 OpenMU交付,,,,
PLAT-D04,A,D-04 OpenMU交付,,,,
PLAT-D05,A,生产/分布式Compose可变镜像标签(=#22),,,,dedup OpenMU#22
PLAT-D06,A,自有容器运行时目录0777,,,,
PLAT-D07,A,D-07 OpenMU交付,,,,
NEW-OPENMU-DELIVERY-02,A,Traefik生产动态配置目录可写,,,,
NEW-OPENMU-DELIVERY-03,A,自包含发行归档缺默认本地构建所需src/,,,,
NEW-OPENMU-PROJECT-BUILD-01,A,本地构建未锁定npx工具执行外部转换,,,,
Code5#1,A,Network finding 1(按实际文件归属),,,,
Code5#2,A,Network finding 2(按实际文件归属),,,,
Code5#3,A,Network finding 3(按实际文件归属),,,,
Code5#4,A,Network finding 4(按实际文件归属),,,,
Code5#10,A,Network finding 10(按实际文件归属),,,,
Code5#11,A,Network finding 11(按实际文件归属),,,,
Code5#12,A,Network finding 12(按实际文件归属),,,,
Code5#13,A,Network finding 13(按实际文件归属),,,,
Code5#14,A,Network finding 14(按实际文件归属),,,,
DEP-001,A,供应链:生产Docker镜像未固定digest(OpenMU部分),,,,
DEP-002-A,A,供应链:GitHub Actions可变tag(OpenMU工作流),,,,
DEP-031,A,供应链:docs-website undici7.29.0(若在OpenMU树),,,,
MuMain#1,B,ErrorReport无界复制文件名,,,,
MuMain#2,B,错误日志头裁剪固定数组溢出,,,,
MuMain#3,B,自动攻击接受MAX_CHARACTERS哨兵越界,,,,
MuMain#4,B,MUHelper对未找到哨兵直接索引,,,,
MuMain#5,B,服务器列表计数驱动裸指针越界读,,,,
MuMain#6,B,角色列表计数越界读,,,,
MuMain#7,B,短聊天包长度下溢写越界,,,,
MuMain#8,B,包分发入口未拒空/短包,,,,
MuMain#9,B,ServerList.bmd描述长度未校验越界写,,,,
MuMain#10,B,xstreambuf::read短读无符号下溢,,,,
MuMain#11,B,GuildCache满容量查询越界,,,,
MuMain#12,B,下载文件名路径穿越版本目录,,,,
MuMain#13,B,Banner路径穿越且不校验下载结果,,,,
MuMain#14,B,CursedTemple party count越界写,,,,
MuMain#15,B,聊天历史清空游标未复位,,,,
MuMain#16,B,Whisper allow-list槽位维度错误/半清理,,,,
MuMain#17,B,SelectCharacter地形索引未校验,,,,
MuMain#18,B,下载中断标志数据竞争,,,,
MuMain#19,B,LoadBitmap文件名无界拼接栈缓冲,,,,
MuMain#20,B,CheckID_HistoryDay截断文件不校验,,,,
MuMain#21,B,GuildMarkIndex未校验,,,,
MuMain#22,B,Guard窗口每帧追加static文本,,,,
MuMain#23,B,DuelWatch敌方SD动画用己方数值,,,,
MuMain#24,B,ClearText未失效布局缓存,,,,
MuMain#25,B,弹窗初始化只清一半缓冲,,,,
MuMain#26,B,ResxGen locale索引越界,,,,
MuMain#27,B,ClientLibrary Dictionary并发不安全,,,,
MuMain#28,B,Resx组名可注入/破坏C++,,,,
MuMain#29,B,OpenCC模块路径可执行任意Node模块,,,,
MuMain#30,B,聊天UTF-8长度截为单字节,,,,
MuMain#31,B,CMake配置restore未哈希锁定NuGet,,,,
MuMain#32,B,ItemData/SkillData接受尾随字节,,,,
MuMain#33,B,法语Dialog/Editor资源缺业务键,,,,
MuMain#34,B,GetMapName用当前地图状态判断传入地图,,,,
MuMain#35,B,失败picked-item测试泄漏对象,,,,
MuMain#36,B,Rime无候选分支未释放context,,,,
MuMain#37,B,自定义登录超长UTF-8静默失败,,,,
MuMain#38,B,ConstantsReplacer无条件改写UTF-8,,,,
MuMain#39,B,CSV导出未转义引号/换行,,,,
MuMain#40,B,CMake glob把vendored C++纳入MuClient,,,,
Code2-MG-01,B,Code2 MuMain差异项1,,,,
Code2-MG-02,B,Code2 MuMain差异项2,,,,
Code2-MG-03,B,Code2 MuMain差异项3,,,,
Code2-MG-04,B,Code2 MuMain差异项4,,,,
Code2-MG-05,B,Code2 MuMain差异项5,,,,
Code2-MG-06,B,Code2 MuMain差异项6,,,,
Code2-MG-07,B,Code2 MuMain差异项7,,,,
Code2-MG-08,B,Code2 MuMain差异项8,,,,
Code2-MG-09,B,Code2 MuMain差异项9,,,,
Code2-MG-10,B,Code2 MuMain差异项10,,,,
Code2-MG-11,B,Code2 MuMain差异项11,,,,
Code2-MG-12,B,Code2 MuMain差异项12,,,,
Code2-MG-13,B,Code2 MuMain差异项13,,,,
Code2-MG-14,B,Code2 MuMain差异项14,,,,
Code2-MG-15,B,Code2 MuMain差异项15,,,,
Code2-MG-16,B,Code2 MuMain差异项16,,,,
Code2-MG-17,B,Code2 MuMain差异项17,,,,
Code2-MG-18,B,Code2 MuMain差异项18,,,,
Code2-MG-19,B,Code2 MuMain差异项19,,,,
Code2-MG-20,B,Code2 MuMain差异项20,,,,
Code2-MG-21,B,Code2 MuMain差异项21,,,,
Code2-MG-22,B,Code2 MuMain差异项22,,,,
Code2-MG-23,B,Code2 MuMain差异项23,,,,
Code2-MG-24,B,Code2 MuMain差异项24,,,,
Code2-MG-25,B,Code2 MuMain差异项25,,,,
Code2-MG-26,B,Code2 MuMain差异项26,,,,
Code2-MG-27,B,Code2 MuMain差异项27,,,,
Code2-MG-28,B,Code2 MuMain差异项28,,,,
Code2-MG-29,B,Code2 MuMain差异项29,,,,
Code2-MG-30,B,Code2 MuMain差异项30,,,,
Code2-MG-31,B,Code2 MuMain差异项31,,,,
Code2-MG-32,B,Code2 MuMain差异项32,,,,
Code2-MG-33,B,Code2 MuMain差异项33,,,,
Code2-MG-34,B,Code2 MuMain差异项34,,,,
Code2-MG-35,B,Code2 MuMain差异项35,,,,
Code2-MG-36,B,Code2 MuMain差异项36,,,,
Code2-MG-37,B,Code2 MuMain差异项37,,,,
Code2-MG-38,B,Code2 MuMain差异项38,,,,
Code2-MG-39,B,Code2 MuMain差异项39,,,,
Code2-MG-40,B,Code2 MuMain差异项40,,,,
R4-01,B,R4阶段一 finding 1,,,,
R4-02,B,R4阶段一 finding 2,,,,
R4-03,B,R4阶段一 finding 3,,,,
R4-04,B,R4阶段一 finding 4,,,,
R4-05,B,R4阶段一 finding 5,,,,
R4-06,B,R4阶段一 finding 6,,,,
R4-07,B,R4阶段一 finding 7,,,,
R4-08,B,R4阶段一 finding 8,,,,
R4-09,B,R4阶段一 finding 9,,,,
R4-10,B,R4阶段一 finding 10,,,,
R4-11,B,R4阶段一 finding 11,,,,
R4-12,B,R4阶段一 finding 12,,,,
R4-13,B,R4阶段一 finding 13,,,,
R4-14,B,R4阶段一 finding 14,,,,
R4-15,B,R4阶段一 finding 15,,,,
R4-16,B,R4阶段一 finding 16,,,,
R4-17,B,R4阶段一 finding 17,,,,
R4-18,B,R4阶段一 finding 18,,,,
R4-19,B,R4阶段一 finding 19,,,,
R4-20,B,R4阶段一 finding 20,,,,
R4-21,B,R4阶段一 finding 21,,,,
R4-22,B,R4阶段一 finding 22,,,,
R4-23,B,R4阶段一 finding 23,,,,
R4-24,B,R4阶段一 finding 24,,,,
R4-25,B,R4阶段一 finding 25,,,,
R4-26,B,R4阶段一 finding 26,,,,
R4-27,B,R4阶段一 finding 27,,,,
R4-28,B,R4阶段一 finding 28,,,,
R4-29,B,R4阶段一 finding 29,,,,
R4-30,B,R4阶段一 finding 30,,,,
R4-31,B,R4阶段一 finding 31,,,,
R4-32,B,R4阶段一 finding 32,,,,
R4-33,B,R4阶段一 finding 33,,,,
R4-34,B,R4阶段一 finding 34,,,,
R4-35,B,R4阶段一 finding 35,,,,
PLAT-M01,B,MuMain构建入口M-01,,,,
PLAT-M02,B,MuMain构建入口M-02,,,,
PLAT-M03,B,MuMain构建入口M-03,,,,
PLAT-M04,B,MuMain构建入口M-04,,,,
PLAT-M05,B,MuMain构建入口M-05,,,,
NEW-MUMAIN-02,B,本地批处理不传播configure/build失败状态,,,,
Code5#5,B,Network/聊天 finding 5(MuMain/ClientLibrary),,,,
Code5#6,B,Network/聊天 finding 6(MuMain/ClientLibrary),,,,
Code5#7,B,Network/聊天 finding 7(MuMain/ClientLibrary),,,,
Code5#8,B,Network/聊天 finding 8(MuMain/ClientLibrary),,,,
Code5#9,B,Network/聊天 finding 9(MuMain/ClientLibrary),,,,
VEND#1,B,MuMain vendored第三方 finding 1,,,,
VEND#2,B,MuMain vendored第三方 finding 2,,,,
VEND#3,B,MuMain vendored第三方 finding 3,,,,
VEND#4,B,MuMain vendored第三方 finding 4,,,,
VEND#5,B,MuMain vendored第三方 finding 5,,,,
VEND#6,B,MuMain vendored第三方 finding 6,,,,
VEND#7,B,MuMain vendored第三方 finding 7,,,,
DEP-032,B,供应链:MuMain Localization undici6.28.0(=thirdparty-mumain-004),,,,
DEP-002-B,B,供应链:GitHub Actions可变tag(MuMain工作流),,,,
PLAT-A01,C,OpenMU-Android A-01,,,,
PLAT-A02,C,OpenMU-Android A-02,,,,
PLAT-A03,C,OpenMU-Android A-03,,,,
PLAT-A04,C,OpenMU-Android A-04,,,,
PLAT-A05,C,OpenMU-Android A-05,,,,
PLAT-A06,C,OpenMU-Android A-06,,,,
PLAT-H01,C,OpenMU-HarmonyOS H-01,,,,
PLAT-H02,C,OpenMU-HarmonyOS H-02,,,,
PLAT-H03,C,OpenMU-HarmonyOS H-03,,,,
PLAT-H04,C,OpenMU-HarmonyOS H-04,,,,
PLAT-H05,C,OpenMU-HarmonyOS H-05,,,,
PLAT-H06,C,OpenMU-HarmonyOS H-06,,,,
PLAT-H07,C,OpenMU-HarmonyOS H-07,,,,
PLAT-I01,C,OpenMU-iOS I-01,,,,
PLAT-I02,C,OpenMU-iOS I-02,,,,
PLAT-I03,C,OpenMU-iOS I-03,,,,
PLAT-I04,C,OpenMU-iOS I-04,,,,
PLAT-I05,C,OpenMU-iOS I-05,,,,
PLAT-P01,C,安卓手机版 P-01,,,,
PLAT-P02,C,安卓手机版 P-02,,,,
PLAT-P03,C,安卓手机版 P-03,,,,
PLAT-P04,C,安卓手机版 P-04,,,,
PLAT-P05,C,安卓手机版 P-05,,,,
PLAT-P06,C,安卓手机版 P-06,,,,
NEW-ANDROID-01,C,NativeAOT fallback unzip版本/来源未固定,,,,
NEW-HARMONY-01,C,NativeAOT RID可覆盖但产物始终放arm64槽位,,,,
DEP-003,C,供应链:Android Wrapper JAR与官方Gradle8.8校验和不匹配,,,,
DEP-004,C,供应链:Android Wrapper分发包未强制SHA-256,,,,
PLAT-B01,D,BalanceLab/EngineProbe B-01,,,,
PLAT-B02,D,BalanceLab/EngineProbe B-02,,,,
PLAT-B03,D,BalanceLab/EngineProbe B-03,,,,
PLAT-B04,D,BalanceLab/EngineProbe B-04,,,,
PLAT-R01,D,仓库根脚本 R-01,,,,
PLAT-R02,D,仓库根脚本 R-02,,,,
PLAT-R03,D,仓库根脚本 R-03,,,,
PLAT-R04,D,仓库根脚本 R-04,,,,
PLAT-R05,D,仓库根脚本 R-05,,,,
PLAT-R06,D,仓库根脚本 R-06,,,,
PLAT-R07,D,仓库根脚本 R-07,,,,
PLAT-R08,D,仓库根脚本 R-08,,,,
PLAT-R09,D,仓库根脚本 R-09,,,,
PLAT-R10,D,仓库根脚本 R-10,,,,
PLAT-R11,D,仓库根脚本 R-11,,,,
PLAT-G01,D,根级GitHub工作流 G-01,,,,
PLAT-G02,D,根级GitHub工作流 G-02,,,,
PLAT-G03,D,根级GitHub工作流 G-03,,,,
NEW-ROOT-01,D,凭据脚本把派生游戏密码输出stdout,,,,
NEW-ROOT-02,D,恢复脚本未转义拼接PowerShell工作区路径,,,,
DEP-001,D,供应链依赖 finding 1(总表跟踪),,,,physical:A/B per tree
DEP-002,D,供应链依赖 finding 2(总表跟踪),,,,physical:A/B per tree
DEP-003,D,供应链依赖 finding 3(总表跟踪),,,,physical:C
DEP-004,D,供应链依赖 finding 4(总表跟踪),,,,physical:C
DEP-005,D,供应链依赖 finding 5(总表跟踪),,,,
DEP-006,D,供应链依赖 finding 6(总表跟踪),,,,
DEP-007,D,供应链依赖 finding 7(总表跟踪),,,,
DEP-008,D,供应链依赖 finding 8(总表跟踪),,,,
DEP-009,D,供应链依赖 finding 9(总表跟踪),,,,
DEP-010,D,供应链依赖 finding 10(总表跟踪),,,,
DEP-011,D,供应链依赖 finding 11(总表跟踪),,,,
DEP-012,D,供应链依赖 finding 12(总表跟踪),,,,
DEP-013,D,供应链依赖 finding 13(总表跟踪),,,,
DEP-014,D,供应链依赖 finding 14(总表跟踪),,,,
DEP-015,D,供应链依赖 finding 15(总表跟踪),,,,
DEP-016,D,供应链依赖 finding 16(总表跟踪),,,,
DEP-017,D,供应链依赖 finding 17(总表跟踪),,,,
DEP-018,D,供应链依赖 finding 18(总表跟踪),,,,
DEP-019,D,供应链依赖 finding 19(总表跟踪),,,,
DEP-020,D,供应链依赖 finding 20(总表跟踪),,,,
DEP-021,D,供应链依赖 finding 21(总表跟踪),,,,
DEP-022,D,供应链依赖 finding 22(总表跟踪),,,,
DEP-023,D,供应链依赖 finding 23(总表跟踪),,,,
DEP-024,D,供应链依赖 finding 24(总表跟踪),,,,
DEP-025,D,供应链依赖 finding 25(总表跟踪),,,,
DEP-026,D,供应链依赖 finding 26(总表跟踪),,,,
DEP-027,D,供应链依赖 finding 27(总表跟踪),,,,
DEP-028,D,供应链依赖 finding 28(总表跟踪),,,,
DEP-029,D,供应链依赖 finding 29(总表跟踪),,,,
DEP-030,D,供应链依赖 finding 30(总表跟踪),,,,
DEP-031,D,供应链依赖 finding 31(总表跟踪),,,,physical:A/B
DEP-032,D,供应链依赖 finding 32(总表跟踪),,,,physical:A/B
DEP-033,D,供应链依赖 finding 33(总表跟踪),,,,
