"Id","Kind","Category","PlayerWorkflow","Operations","ControllerPath","TextEntry","HapticConfirmation","Implementation","Validation","Evidence"
"SCENE_LOGIN","LegacyScene","Session","Login","Select account and password fields; enter credentials; remember account; connect; cancel","Left stick or D-pad focus; A activate; B cancel; View next field; Menu submit; right-stick pointer fallback","Controller keyboard in ABC mode for account and password","Submit immediate; login result is server-confirmed","SemanticKeys+ControllerKeyboard","PendingRuntime","UI/Legacy/UIMng; LoginWin; ControllerKeyboard"
"SCENE_SERVER_LIST","LegacyScene","Session","Server selection","Select server group and server; page or scroll; connect; back","D-pad or left stick focus; A choose; B back; right-stick pointer fallback","N/A","Focus and confirm immediate; connection result server-confirmed","SemanticKeys+PointerFallback","PendingRuntime","UI/Legacy/UIMng; ServerListManager"
"SCENE_CHARACTER_SELECT","LegacyScene","Character","Character selection","Cycle character; enter world; open create; request delete; cancel","D-pad or left stick focus; A select or enter; X secondary/delete; Y details/create; B back; pointer fallback","Controller keyboard for delete confirmation or PIN when requested","Selection immediate; creation/deletion/login result server-confirmed","SemanticKeys+ControllerKeyboard+PointerFallback","PendingRuntime","Character/CharSelMainWin"
"SCENE_CHARACTER_CREATE_DELETE","LegacyScene","Character","Character creation and deletion","Choose class; enter name; create; enter PIN/password; confirm deletion; cancel","D-pad or left stick focus; shoulder buttons change class; A confirm; B cancel; View next field; Menu submit","ABC controller keyboard for character names; numeric or ABC mode for security fields","Request immediate; create/delete result server-confirmed","SemanticKeys+ControllerKeyboard+PointerFallback","PendingRuntime","Character/CharMakeWin; Network/Server/WSclient"
"WORLD_MOVEMENT_PICKUP","Gameplay","World","Movement and interaction","Move; auto-move; interact; pick up; select target; map; cancel current action","Left stick move; L3 auto-move; A interact or pick up; R3 cycle target; View map; B cancel; right stick world pointer","N/A","Pickup and item result server-confirmed; target and cancel immediate","NativeSemanticActions","PendingRuntime","App/Platform/Windows/Winmain; Input/Selection"
"WORLD_COMBAT_SKILLS","Gameplay","Combat","Combat and skills","Basic attack; current skill; target lock; target cycle; skill-page cycle; skill hotkeys","X basic attack; RT current skill; LT target lock; R3 next target; LB or RB previous/next skill; D-pad hotkeys","N/A","Hit, critical, heavy hit, damage and death are server-confirmed","NativeSemanticActions","PendingRuntime","App/Platform/Windows/Winmain; Network/Server/WSclient"
"WORLD_PET_POTIONS_HELPER","Gameplay","Combat","Pet, consumables and automation","Use four quick items; select and execute pet commands through the skill system; start or stop MU Helper","D-pad quick items; assigned pet commands use the existing skill selection plus RT path; L3 auto-move; Menu opens system menu; Y opens shortcut keyboard","N/A","Item use and helper result server-confirmed where available","SemanticKeys+PointerFallback","PendingRuntime","NewUIHotKey; NewUIMuHelper; PacketFunctions_ClientToServer"
"WORKFLOW_SHORTCUT_KEYBOARD","LegacyWorkflow","System","Keyboard-only commands and modifiers","Open command keys; navigate; send function or letter keys; toggle Ctrl Shift Alt; scroll; clear modifiers","Y in world or View plus Start elsewhere; D-pad or left stick selection; A activate; B clear and close; LT Ctrl and RT Shift in UI","Dedicated command keyboard; text fields retain the text-entry keyboard","Low-priority input acknowledgement; focus and confirm feedback; command results remain server-confirmed","SemanticKeys+PointerFallback","PendingRuntime","UI/ControllerKeyboard/ControllerShortcuts; App/Platform/Windows/Winmain"
"WORKFLOW_GUILD_STORAGE","LegacyWorkflow","Inventory","Guild warehouse","Open guild storage; move items; deposit/withdraw guild items or Zen where permitted; close","D-pad or left stick grid focus; A pick/place; hold A drag; X money/secondary; Y details; B close; right-stick pointer fallback","Numeric controller keyboard for amounts or security fields","Move and money results server-confirmed","PointerFallback+ControllerKeyboard","PendingRuntime","UI/Legacy/UIManager INTERFACE_GUILDSTORAGE; storage packet paths"
"WORKFLOW_CHAT_MAIL","LegacyWorkflow","Social","Chat, whisper and mail","Open chat; enter simplified Chinese; choose channel; whisper; compose, read and delete mail","A focus; View next field; Menu submit; shoulder buttons page candidates or lists; B back; pointer fallback","Controller keyboard with Rime simplified-pinyin candidates","Send immediate; failure and mail result server-confirmed","ControllerKeyboard+PointerFallback","PendingRuntime","NewUIChatInputBox; NewUIFriendWindow; PacketFunctions_ClientToServer"
"WORKFLOW_RECONNECT_ERRORS","LegacyWorkflow","Session","Reconnect and error dialogs","Acknowledge errors; retry reconnect; cancel; return to login","D-pad focus; A confirm or retry; B cancel or back; right-stick pointer fallback","Controller keyboard when a dialog requests credentials or PIN","Confirm/cancel immediate; reconnect result server-confirmed","SemanticKeys+ControllerKeyboard+PointerFallback","PendingRuntime","Network/Reconnect; NewUIMessageBox; UI/Legacy"
"EDITOR_IMGUI","LegacyWorkflow","Editor","MuEditor gamepad navigation","Move ImGui focus; activate controls; adjust values; switch tabs; close popups","ImGui NavEnableGamepad; D-pad or left stick focus; A activate; B cancel; LB/RB tabs; shared active SDL gamepad","Editor text fields use ImGui input and the operating-system keyboard; game client screen keyboard is not injected into editor builds","Focus and setting changes use editor UI feedback; gameplay semantic haptics are not emitted","ImGuiNativeNavigation","PendingRuntime","MuEditor ImGuiIO ConfigFlags_NavEnableGamepad"
"LEGACY_m_MsgWin","LegacyWindow","System","Legacy message window","Read message; choose confirm/cancel/alternate response; close","D-pad or left stick focus; A confirm; X alternate; B cancel; right-stick pointer fallback","Controller keyboard for amount, name, password or PIN message variants","Confirm/cancel immediate; requested operation server-confirmed","SemanticKeys+ControllerKeyboard+PointerFallback","PendingRuntime","UI/Legacy/UIMng.cpp m_WinList; UI/Windows/MsgWin"
"LEGACY_m_SysMenuWin","LegacyWindow","System","Legacy system menu","Resume; options; server select; character select; logout; exit","D-pad or left stick focus; A choose; B resume; right-stick pointer fallback","N/A","Focus and confirm/cancel immediate","SemanticKeys+PointerFallback","PendingRuntime","UI/Legacy/UIMng.cpp m_WinList; UI/Windows/SysMenuWin"
"LEGACY_m_OptionWin","LegacyWindow","System","Legacy options","Change legacy sound, display and input settings; apply; cancel","D-pad or left stick focus; A toggle; left/right adjust; B cancel; pointer fallback","N/A","Setting-step and confirm/cancel immediate","SemanticKeys+PointerFallback","PendingRuntime","UI/Legacy/UIMng.cpp m_WinList; UI/Windows/OptionWin"
"LEGACY_m_LoginMainWin","LegacyWindow","Session","Login main menu","Open login; select server; credits; options; exit","D-pad or left stick focus; A choose; B back; right-stick pointer fallback","N/A","Focus and confirm/cancel immediate","SemanticKeys+PointerFallback","PendingRuntime","UI/Legacy/UIMng.cpp m_WinList; UI/Windows/LoginMainWin"
"LEGACY_m_ServerSelWin","LegacyWindow","Session","Legacy server selection","Browse groups and servers; select; scroll; back","D-pad or left stick focus; A select; B back; right-stick pointer fallback","N/A","Selection immediate; connection result server-confirmed","SemanticKeys+PointerFallback","PendingRuntime","UI/Legacy/UIMng.cpp m_WinList; UI/Windows/ServerSelWin"
"LEGACY_m_LoginWin","LegacyWindow","Session","Legacy credential entry","Choose account and password; type; remember; submit; cancel","D-pad or left stick focus; A activate; View next field; Menu submit; B cancel; pointer fallback","Controller keyboard in ABC mode for account and password","Submit immediate; login result server-confirmed","SemanticKeys+ControllerKeyboard+PointerFallback","PendingRuntime","UI/Legacy/UIMng.cpp m_WinList; UI/Windows/LoginWin"
"LEGACY_m_CreditWin","LegacyWindow","System","Credits","Read and scroll credits; close","D-pad scroll; A continue; B close; right-stick pointer fallback","N/A","Page/close immediate","PointerFallback","PendingRuntime","UI/Legacy/UIMng.cpp m_WinList; UI/Windows/CreditWin"
"LEGACY_m_ServerMsgWin","LegacyWindow","Session","Server messages","Read server notices; scroll; dismiss where offered","D-pad scroll; A acknowledge; B close expanded view; pointer fallback","N/A","Acknowledge immediate","PointerFallback","PendingRuntime","UI/Legacy/UIMng.cpp m_WinList; UI/Windows/ServerMsgWin"
"LEGACY_m_CharSelMainWin","LegacyWindow","Character","Legacy character selection","Cycle characters; enter; create; delete; return","D-pad or left stick focus; A enter/select; X delete; Y create/details; B back; pointer fallback","Controller keyboard for deletion PIN/password when requested","Selection immediate; enter/delete result server-confirmed","SemanticKeys+ControllerKeyboard+PointerFallback","PendingRuntime","UI/Legacy/UIMng.cpp m_WinList; Character/CharSelMainWin"
"LEGACY_m_CharMakeWin","LegacyWindow","Character","Legacy character creation","Choose class; type name; create; cancel","D-pad or left stick focus; LB/RB class; A create; B cancel; pointer fallback","Controller keyboard with Chinese name mode","Create result server-confirmed","SemanticKeys+ControllerKeyboard+PointerFallback","PendingRuntime","UI/Legacy/UIMng.cpp m_WinList; Character/CharMakeWin"
"DYNAMIC_UIWNDTYPE_CHAT","DynamicWindow","Social","Private chat room","Enter message; send; browse participants; invite; leave","D-pad or left stick focus; A activate/select; View next field; Menu send; X invite; B close; pointer fallback","Controller keyboard with simplified-pinyin candidates","Send immediate; room and invitation result server-confirmed","ControllerKeyboard+PointerFallback","PendingRuntime","UI/Legacy/UIWindows.h UIWINDOWSTYPE; CUIChatWindow"
"DYNAMIC_UIWNDTYPE_CHAT_READY","DynamicWindow","Social","Pending private chat room","Review connection state; invite; cancel or close","D-pad or left stick focus; A confirm; X invite; B cancel; pointer fallback","Controller keyboard when room input becomes active","Room connection result server-confirmed","ControllerKeyboard+PointerFallback","PendingRuntime","UI/Legacy/UIWindows.h UIWINDOWSTYPE; CUIChatWindow"
"DYNAMIC_UIWNDTYPE_FRIENDMAIN","DynamicWindow","Social","Legacy friends and mail hub","Browse friends/chat rooms/mail tabs; add/delete; whisper; read/write mail","D-pad or left stick focus; A primary; X secondary/delete; Y details; LB/RB tabs; B close; pointer fallback","Controller keyboard for names, chat and mail","Friend, room and mail results server-confirmed","ControllerKeyboard+PointerFallback","PendingRuntime","UI/Legacy/UIWindows.h UIWINDOWSTYPE; CUIFriendWindow"
"DYNAMIC_UIWNDTYPE_TEXTINPUT","DynamicWindow","System","Generic text input","Enter context-specific name, amount or text; confirm; cancel","A focus; View next field; Menu submit; B cancel; pointer fallback","Controller keyboard chooses Chinese, ABC or numeric mode from focused field","Confirm immediate; requested operation server-confirmed","ControllerKeyboard+PointerFallback","PendingRuntime","UI/Legacy/UIWindows.h UIWINDOWSTYPE; CUITextInputWindow"
"DYNAMIC_UIWNDTYPE_QUESTION","DynamicWindow","System","Question dialog","Read prompt; confirm or reject; close","D-pad or left stick focus; A confirm; X reject; B cancel; pointer fallback","N/A","Confirm/cancel immediate; requested operation server-confirmed","SemanticKeys+PointerFallback","PendingRuntime","UI/Legacy/UIWindows.h UIWINDOWSTYPE; CUIQuestionWindow"
"DYNAMIC_UIWNDTYPE_READLETTER","DynamicWindow","Social","Read mail","Read and scroll; reply; delete; previous/next; close","D-pad scroll/focus; A primary; X delete; Y reply/details; LB/RB previous/next; B close; pointer fallback","Controller keyboard when replying","Read/delete result server-confirmed","ControllerKeyboard+PointerFallback","PendingRuntime","UI/Legacy/UIWindows.h UIWINDOWSTYPE; CUILetterReadWindow"
"DYNAMIC_UIWNDTYPE_WRITELETTER","DynamicWindow","Social","Compose mail","Enter receiver, title and body; choose pose; send; cancel","D-pad or left stick focus; View next field; Menu send; LB/RB pose; B cancel; pointer fallback","Controller keyboard with simplified-pinyin candidates","Send result server-confirmed","ControllerKeyboard+PointerFallback","PendingRuntime","UI/Legacy/UIWindows.h UIWINDOWSTYPE; CUILetterWriteWindow"
"DYNAMIC_UIWNDTYPE_OK","DynamicWindow","System","Information dialog","Read message; acknowledge; close","A acknowledge; B close; pointer fallback","N/A","Acknowledge immediate","SemanticKeys+PointerFallback","PendingRuntime","UI/Legacy/UIWindows.h UIWINDOWSTYPE; CUIOkWindow"
"DYNAMIC_UIWNDTYPE_QUESTION_FORCE","DynamicWindow","System","Blocking question dialog","Read prompt; confirm or reject; cannot bypass accidentally","D-pad focus; A confirm; X reject; B maps to explicit reject only; pointer fallback","N/A","Confirm/cancel immediate; requested operation server-confirmed","SemanticKeys+PointerFallback","PendingRuntime","UI/Legacy/UIWindows.h UIWINDOWSTYPE; force question variant"
"DYNAMIC_UIWNDTYPE_OK_FORCE","DynamicWindow","System","Blocking information dialog","Read server/system error; acknowledge","A acknowledge; pointer fallback; B only when dialog permits close","N/A","Acknowledge immediate","SemanticKeys+PointerFallback","PendingRuntime","UI/Legacy/UIWindows.h UIWINDOWSTYPE; force OK variant"
"INTERFACE_FRIEND","NewUI","Social","Friends, whisper and mail","Browse friends; add/delete; invite; whisper; open mail; online state","D-pad or left stick focus; A primary; X secondary/delete; Y details; LB/RB page; B close; pointer fallback","Controller keyboard for player names, chat and mail","UI immediate; add/delete/invite and mail results server-confirmed","ControllerKeyboard+PointerFallback","PendingRuntime","NewUIFriendWindow; PacketFunctions SendFriend/SendLetter"
"INTERFACE_MOVEMAP","NewUI","Navigation","Move command","Browse destinations; inspect level and cost; warp; close","D-pad or left stick focus; A warp; Y details; LB/RB page; B close; pointer fallback","N/A","Selection immediate; warp result server-confirmed","SemanticKeys+PointerFallback","PendingRuntime","NewUIMoveCommandWindow"
"INTERFACE_PARTY","NewUI","Social","Party member panel","Inspect members; select member; leave or kick where permitted","D-pad or left stick focus; A select; X secondary; Y details; B close; pointer fallback","N/A","Focus immediate; party result server-confirmed","PointerFallback","PendingRuntime","NewUIPartyInfoWindow"
"INTERFACE_MYQUEST","NewUI","Quest","Quest log","Browse quests; select; inspect progress; cancel or navigate","D-pad or left stick focus; A select; X cancel/secondary; Y details; LB/RB page; B close; pointer fallback","N/A","UI immediate; quest change result server-confirmed","PointerFallback","PendingRuntime","NewUIMyQuestInfoWindow"
"INTERFACE_NPCQUEST","NewUI","Quest","Legacy NPC quest","Read dialogue; accept; proceed; complete; decline","D-pad or left stick focus; A accept/proceed; X decline; Y details; B close; pointer fallback","N/A","Quest result server-confirmed","PointerFallback","PendingRuntime","NewUINPCQuest"
"INTERFACE_GUILDINFO","NewUI","Guild","Guild and alliance","Browse members; roles; kick; alliance; war; leave; guild notices","D-pad or left stick focus; A primary; X role/delete; Y details; LB/RB tabs; B close; pointer fallback","Controller keyboard for names, notices and security code","UI immediate; guild changes server-confirmed","ControllerKeyboard+PointerFallback","PendingRuntime","Guild/NewUIGuildInfoWindow"
"INTERFACE_TRADE","NewUI","Trade","Player trade","Move items; set money; lock/confirm; cancel; inspect items","D-pad or left stick grid focus; A pick/place; hold A drag; X set money/secondary; Y details; B cancel; pointer fallback","Numeric controller keyboard for money","Trade result and failures server-confirmed","PointerFallback+ControllerKeyboard","PendingRuntime","NewUITrade; PacketFunctions SendTrade"
"INTERFACE_STORAGE","NewUI","Inventory","Warehouse","Move items; deposit/withdraw Zen; unlock PIN; repair-like item inspection; close","D-pad or left stick grid focus; A pick/place; hold A drag; X money/secondary; Y details; B close; pointer fallback","Numeric keyboard for amount/PIN; ABC keyboard for account password","Move, money and vault protection result server-confirmed","PointerFallback+ControllerKeyboard","PendingRuntime","NewUIStorageInventory; PacketFunctions SendVault"
"INTERFACE_STORAGE_EXT","NewUI","Inventory","Extended warehouse","Page storage; move, inspect and retrieve extended-slot items","D-pad or left stick grid focus; A pick/place; hold A drag; LB/RB page; Y details; B close; pointer fallback","N/A","Item move result server-confirmed","PointerFallback","PendingRuntime","NewUIStorageInventoryExt"
"INTERFACE_MIXINVENTORY","NewUI","Crafting","Chaos machine and synthesis","Move ingredients; select recipe; mix; socket option; cancel; inspect rate","D-pad or left stick grid focus; A pick/place; X mix/secondary; Y details; B cancel; pointer fallback","Numeric keyboard where quantity is requested","Mix success/failure server-confirmed","PointerFallback+ControllerKeyboard","PendingRuntime","NewUIMixInventory; PacketFunctions SendChaosMachineMixRequest"
"INTERFACE_COMMAND","NewUI","Social","Character command menu","Party, trade, duel, guild, whisper, follow and other target commands","D-pad or left stick focus; A primary; X alternate; B close; pointer fallback","Controller keyboard when command needs a name","Command result server-confirmed where applicable","PointerFallback+ControllerKeyboard","PendingRuntime","NewUICommandWindow"
"INTERFACE_PET","NewUI","Character","Pet information and commands","Inspect pet stats; choose command mode; target; close","D-pad or left stick focus; A select; X command; Y details; B close; pointer fallback","N/A","Pet command and info server-confirmed","PointerFallback","PendingRuntime","NewUIPetInfoWindow"
"INTERFACE_NPCSHOP","NewUI","Shop","NPC shop","Browse items; buy; sell inventory items; repair one/all; inspect; close","D-pad or left stick grid focus; A buy/pick; X sell/repair; Y details; B close; pointer fallback","Numeric keyboard for quantity where supported","Buy, sell and repair result server-confirmed","PointerFallback+ControllerKeyboard","PendingRuntime","NewUINPCShop; WSclient shop result handlers"
"INTERFACE_INVENTORY","NewUI","Inventory","Backpack and equipment","Move; equip; unequip; use; split; drop; repair; inspect; expand","D-pad or left stick grid focus; A pick/place/use; hold A drag; X secondary/split; Y details; B close; pointer fallback","Numeric keyboard for stack split","Item move/use/drop/repair result server-confirmed","PointerFallback+ControllerKeyboard","PendingRuntime","NewUIMyInventory; NewUIItemMng"
"INTERFACE_INVENTORY_EXT","NewUI","Inventory","Extended backpack","Page; move; use; split; drop; inspect extended-slot items","D-pad or left stick grid focus; A pick/place/use; hold A drag; X split; Y details; LB/RB page; B close; pointer fallback","Numeric keyboard for stack split","Item move/use/drop result server-confirmed","PointerFallback+ControllerKeyboard","PendingRuntime","NewUIInventoryExtension"
"INTERFACE_MYSHOP_INVENTORY","NewUI","Shop","Personal shop setup","Move items into shop; set price; edit shop name; open/close; remove item","D-pad or left stick grid focus; A pick/place; X price/remove; Y details; B close; pointer fallback","Numeric keyboard for price; Chinese keyboard for shop name","Open, close and price result server-confirmed","PointerFallback+ControllerKeyboard","PendingRuntime","NewUIMyShopInventory; PacketFunctions SendPlayerShop"
"INTERFACE_PURCHASESHOP_INVENTORY","NewUI","Shop","Other player's personal shop","Browse; inspect; buy; refresh; close","D-pad or left stick grid focus; A buy; Y details; LB/RB page; B close; pointer fallback","N/A","Purchase success/failure server-confirmed","PointerFallback","PendingRuntime","NewUIPurchaseShopInventory"
"INTERFACE_CHARACTER","NewUI","Character","Character stats","Browse stats; add points; master stats; inspect equipment-derived values","D-pad or left stick focus; A add; X alternate increment; Y details; LB/RB tabs; B close; pointer fallback","Numeric keyboard for bulk point allocation where available","Stat allocation result server-confirmed","PointerFallback+ControllerKeyboard","PendingRuntime","NewUICharacterInfoWindow"
"INTERFACE_NPCBREEDER","NewUI","NPC","Pet breeder legacy dialog","Choose breeding or restoration action; supply item; confirm; cancel","D-pad or left stick focus; A confirm; X secondary; B cancel; pointer fallback","N/A","Operation result server-confirmed","PointerFallback","PendingRuntime","INTERFACE_LIST legacy window path"
"INTERFACE_SERVERDIVISION","NewUI","Session","Server division legacy dialog","Browse server divisions; choose; back","D-pad or left stick focus; A select; B back; pointer fallback","N/A","Connection result server-confirmed","PointerFallback","PendingRuntime","INTERFACE_LIST legacy window path"
"INTERFACE_DEVILSQUARE","NewUI","Event","Devil Square entry","Choose level; inspect requirements; enter; cancel","D-pad or left stick focus; A enter; Y details; B cancel; pointer fallback","N/A","Entry result server-confirmed","PointerFallback","PendingRuntime","NewUIEnterDevilSquare"
"INTERFACE_BLOODCASTLE","NewUI","Event","Blood Castle entry","Choose level; inspect requirements; enter; cancel","D-pad or left stick focus; A enter; Y details; B cancel; pointer fallback","N/A","Entry result server-confirmed","PointerFallback","PendingRuntime","NewUIBloodCastleEnter"
"INTERFACE_NPCGUILDMASTER","NewUI","Guild","Guild creation","Enter guild name; design emblem; create; cancel","D-pad or left stick focus; A draw/select/confirm; X erase/secondary; B cancel; pointer fallback","Controller keyboard for guild name","Create result server-confirmed","ControllerKeyboard+PointerFallback","PendingRuntime","Guild/NewUIGuildMakeWindow"
"INTERFACE_GUARDSMAN","NewUI","Castle","Castle guardsman","Register or unregister siege; submit marks; inspect state; close","D-pad or left stick focus; A confirm; X secondary; Y details; B close; pointer fallback","Numeric keyboard for mark count where required","Castle operation result server-confirmed","PointerFallback+ControllerKeyboard","PendingRuntime","NewUIGuardWindow"
"INTERFACE_SENATUS","NewUI","Castle","Castle management senate","Browse gates/statues; buy; repair; upgrade; tax and treasury actions","D-pad or left stick focus; A confirm; X secondary; Y details; LB/RB tabs; B close; pointer fallback","Numeric keyboard for tax, amount or upgrade values","Castle operation result server-confirmed","PointerFallback+ControllerKeyboard","PendingRuntime","NewUICastleWindow"
"INTERFACE_GATEKEEPER","NewUI","Castle","Castle gatekeeper","Inspect entrance settings or fees; enter; confirm; close","D-pad or left stick focus; A confirm/enter; X setting; Y details; B close; pointer fallback","Numeric keyboard for fee where requested","Setting/entry result server-confirmed","PointerFallback+ControllerKeyboard","PendingRuntime","NewUIGatemanWindow"
"INTERFACE_GATESWITCH","NewUI","Castle","Castle gate switch","Choose gate; open or close; cancel","D-pad or left stick focus; A toggle; B cancel; pointer fallback","N/A","Toggle result server-confirmed","PointerFallback","PendingRuntime","NewUIGateSwitchWindow"
"INTERFACE_CATAPULT","NewUI","Castle","Castle catapult","Choose target area; fire; cancel","D-pad or left stick focus; A fire; Y target details; B cancel; pointer fallback","N/A","Fire result server-confirmed","PointerFallback","PendingRuntime","NewUICatapultWindow"
"INTERFACE_REFINERY","NewUI","Crafting","Refinery legacy dialog","Move material; select refine action; confirm; cancel","D-pad or left stick focus; A pick/place/confirm; X refine; Y details; B cancel; pointer fallback","N/A","Refinery result server-confirmed","PointerFallback","PendingRuntime","INTERFACE_LIST legacy window path"
"INTERFACE_REFINERYINFO","NewUI","Crafting","Refinery information","Read rates and result information; acknowledge","D-pad scroll; A acknowledge; B close; pointer fallback","N/A","Confirm/cancel immediate","PointerFallback","PendingRuntime","INTERFACE_LIST legacy window path"
"INTERFACE_KANTURU2ND_ENTERNPC","NewUI","Event","Kanturu entry","Inspect event state; request entry; cancel","D-pad or left stick focus; A enter; Y details; B cancel; pointer fallback","N/A","Entry result server-confirmed","PointerFallback","PendingRuntime","NewUIKanturuEvent"
"INTERFACE_CURSEDTEMPLE_NPC","NewUI","Event","Cursed Temple entry","Choose room or level; submit ticket; enter; cancel","D-pad or left stick focus; A enter; Y details; B cancel; pointer fallback","N/A","Entry result server-confirmed","PointerFallback","PendingRuntime","NewUICursedTempleEnter"
"INTERFACE_CURSEDTEMPLE_GAMESYSTEM","NewUI","Event","Cursed Temple match","View score/state; use event skills; select targets","D-pad event skills; A objective interaction; RT skill; R3 target; pointer fallback","N/A","Event skill and combat result server-confirmed","SemanticKeys+PointerFallback","PendingRuntime","NewUICursedTempleSystem"
"INTERFACE_CURSEDTEMPLE_RESULT","NewUI","Event","Cursed Temple result","Review result and reward; acknowledge","D-pad scroll; A acknowledge/reward; B close; pointer fallback","N/A","Reward result server-confirmed","PointerFallback","PendingRuntime","NewUICursedTempleResult"
"INTERFACE_CHATINPUTBOX","NewUI","Social","Chat input","Choose channel; enter message; whisper; send; cancel; history","A focus; View next field; Menu send; shoulder buttons candidates/history; B cancel; pointer fallback","Controller keyboard with simplified-pinyin candidates","Send immediate; server rejection uses failure feedback","ControllerKeyboard+PointerFallback","PendingRuntime","NewUIChatInputBox; ControllerKeyboard"
"INTERFACE_WINDOW_MENU","NewUI","System","System menu","Open character, inventory, quest, guild, party, options, logout and exit commands","D-pad or left stick focus; A open; B close; pointer fallback","N/A","Focus, confirm and cancel immediate","SemanticKeys+PointerFallback","PendingRuntime","NewUIWindowMenu"
"INTERFACE_OPTION","NewUI","System","Settings","Change graphics, sound, input, gamepad, haptics, frame cap and language; apply/cancel/test","D-pad or left stick focus; A toggle; left/right adjust; X reset/secondary; Y test/detail; LB/RB tabs; B back; pointer fallback","N/A","Setting-step, confirm/cancel and short/long rumble test immediate","SemanticKeys+PointerFallback","PendingRuntime","NewUIOptionWindow"
"INTERFACE_HELP","NewUI","System","Help","Browse help pages and topics; scroll; close","D-pad scroll/focus; A topic; LB/RB page; B close; pointer fallback","N/A","Focus and close immediate","PointerFallback","PendingRuntime","NewUIHelpWindow"
"INTERFACE_ITEM_EXPLANATION","NewUI","Inventory","Item tooltip","Inspect item properties, requirements and options","Y details; D-pad scroll where applicable; B close tooltip","N/A","Focus immediate","SemanticKeys+PointerFallback","PendingRuntime","NewUIItemExplanationWindow"
"INTERFACE_SETITEM_EXPLANATION","NewUI","Inventory","Set item tooltip","Inspect set pieces and bonuses; scroll; close","Y details; D-pad scroll; B close tooltip","N/A","Focus immediate","SemanticKeys+PointerFallback","PendingRuntime","NewUISetItemExplanation"
"INTERFACE_QUICK_COMMAND","NewUI","Social","Quick target command","Choose party, trade, duel, guild, whisper or follow command","D-pad or left stick focus; A execute; X alternate; B close; pointer fallback","N/A","Command result server-confirmed where applicable","PointerFallback","PendingRuntime","NewUIQuickCommandWindow"
"INTERFACE_KANTURU_INFO","NewUI","Event","Kanturu event information","Review state, timers and requirements; close","D-pad scroll; A acknowledge; B close; pointer fallback","N/A","Confirm/cancel immediate","PointerFallback","PendingRuntime","NewUIKanturuEvent"
"INTERFACE_CHATLOGWINDOW","NewUI","Social","Chat log","Browse messages; change channel/filter; scroll; select whisper target","D-pad scroll/focus; LB/RB channels; A select; X filter; B close; pointer fallback","Controller keyboard when opening reply","Focus immediate","ControllerKeyboard+PointerFallback","PendingRuntime","NewUIChatLogWindow"
"INTERFACE_PARTY_INFO_WINDOW","NewUI","Social","Party list","Browse party members; kick; leave; inspect","D-pad or left stick focus; A select; X kick/leave; Y details; B close; pointer fallback","N/A","Party result server-confirmed","PointerFallback","PendingRuntime","NewUIPartyListWindow"
"INTERFACE_BLOODCASTLE_TIME","NewUI","Event","Blood Castle HUD","View timer, score and objective state","No action required; B closes optional detail; pointer fallback","N/A","No action haptic; major event result server-confirmed","ReadOnlyReachable","PendingRuntime","NewUIBloodCastleTime"
"INTERFACE_CHAOSCASTLE_TIME","NewUI","Event","Chaos Castle HUD","View timer, survivors and score","No action required; B closes optional detail; pointer fallback","N/A","No action haptic; major event result server-confirmed","ReadOnlyReachable","PendingRuntime","NewUIChaosCastleTime"
"INTERFACE_BATTLE_SOCCER_SCORE","NewUI","Event","Battle Soccer HUD","View teams and score","No action required; B closes optional detail; pointer fallback","N/A","No action haptic; major event result server-confirmed","ReadOnlyReachable","PendingRuntime","NewUIBattleSoccerScore"
"INTERFACE_SLIDEWINDOW","NewUI","System","Tutorial slides","Read tutorial; previous/next; close","D-pad scroll; LB/RB previous/next; A continue; B close; pointer fallback","N/A","Page, confirm and cancel immediate","PointerFallback","PendingRuntime","NewUISlideWindow"
"INTERFACE_HERO_POSITION_INFO","NewUI","Navigation","Position HUD","View map name and coordinates","No action required; View opens map","N/A","No action haptic","ReadOnlyReachable","PendingRuntime","NewUIHeroPositionInfo"
"INTERFACE_MESSAGEBOX","NewUI","System","Message and confirmation dialogs","Confirm; reject; cancel; choose options; enter requested value","D-pad or left stick focus; A confirm; X secondary; B cancel; pointer fallback","Controller keyboard selected by requested field type","Confirm/cancel immediate; business result server-confirmed","SemanticKeys+ControllerKeyboard+PointerFallback","PendingRuntime","NewUIMessageBox"
"INTERFACE_DUEL_WINDOW","NewUI","Combat","Duel request and state","Accept/reject duel; stop duel; inspect opponent","D-pad or left stick focus; A accept; X reject/stop; Y details; B close; pointer fallback","N/A","Duel request/result server-confirmed","PointerFallback","PendingRuntime","NewUIDuelWindow"
"INTERFACE_CRYWOLF","NewUI","Event","Crywolf event","Review state; select statue; contract; close","D-pad or left stick focus; A contract/select; Y details; B close; pointer fallback","N/A","Contract and event result server-confirmed","PointerFallback","PendingRuntime","NewUICryWolf"
"INTERFACE_NAME_WINDOW","NewUI","System","Name entry dialog","Enter a player, shop, guild or target name; confirm/cancel","A focus; View next field; Menu submit; B cancel; pointer fallback","Controller keyboard with context-selected Chinese or ABC mode","Confirm immediate; business result server-confirmed","ControllerKeyboard+PointerFallback","PendingRuntime","NewUINameWindow"
"INTERFACE_SIEGEWARFARE","NewUI","Castle","Castle Siege HUD","View teams/state; issue guild command; select map position","D-pad command; A place/confirm; X alternate command; Y details; B close; pointer fallback","N/A","Command and event result server-confirmed","PointerFallback","PendingRuntime","NewUISeigeWarfare"
"INTERFACE_MAINFRAME","NewUI","HUD","Main HUD","Open core windows; select skill; use potion; inspect status; system menu","D-pad hotkeys; LB/RB skill; A context; X basic attack; RT skill; View map; Menu system menu; pointer fallback","N/A","Action-dependent immediate or server-confirmed feedback","NativeSemanticActions+PointerFallback","PendingRuntime","NewUIMainFrameWindow"
"INTERFACE_SKILL_LIST","NewUI","Combat","Skill list","Browse skill pages; assign/select hotkey; inspect; use","D-pad or left stick focus; A select/use; X assign; Y details; LB/RB page; B close; pointer fallback","N/A","Selection immediate; skill result server-confirmed","SemanticKeys+PointerFallback","PendingRuntime","NewUISkillList"
"INTERFACE_ITEM_ENDURANCE_INFO","NewUI","Inventory","Durability information","Inspect damaged items and endurance status","D-pad focus; Y details; B close; pointer fallback","N/A","Focus immediate","ReadOnlyReachable","PendingRuntime","NewUIItemEnduranceInfo"
"INTERFACE_BUFF_WINDOW","NewUI","Combat","Buff list","Inspect active buffs, remaining duration and source","D-pad focus; Y details; B close; pointer fallback","N/A","Focus immediate","ReadOnlyReachable","PendingRuntime","NewUIBuffWindow"
"INTERFACE_MASTER_LEVEL","NewUI","Character","Master skill tree","Browse tree; inspect nodes; allocate points; confirm","D-pad or left stick focus; A allocate/select; X alternate; Y details; LB/RB page; B close; pointer fallback","Numeric keyboard for bulk points where available","Allocation result server-confirmed","PointerFallback+ControllerKeyboard","PendingRuntime","NewUIMasterLevel"
"INTERFACE_GOLD_BOWMAN","NewUI","Event","Gold Bowman event","Submit item; request reward; confirm; close","D-pad or left stick focus; A submit/confirm; Y details; B close; pointer fallback","N/A","Reward result server-confirmed","PointerFallback","PendingRuntime","NewUIGoldBowmanWindow"
"INTERFACE_GOLD_BOWMAN_LENA","NewUI","Event","Lena event","Submit item; request reward; confirm; close","D-pad or left stick focus; A submit/confirm; Y details; B close; pointer fallback","N/A","Reward result server-confirmed","PointerFallback","PendingRuntime","NewUIGoldBowmanLena"
"INTERFACE_LUCKYCOIN_REGISTRATION","NewUI","Event","Lucky Coin registration","Register coins; choose count; confirm; cancel","D-pad or left stick focus; A confirm; X amount; B cancel; pointer fallback","Numeric controller keyboard for count","Registration result server-confirmed","PointerFallback+ControllerKeyboard","PendingRuntime","NewUIRegistrationLuckyCoin"
"INTERFACE_EXCHANGE_LUCKYCOIN","NewUI","Event","Lucky Coin exchange","Browse rewards; choose count; exchange; cancel","D-pad or left stick focus; A exchange; X amount; Y details; B cancel; pointer fallback","Numeric controller keyboard for count","Exchange result server-confirmed","PointerFallback+ControllerKeyboard","PendingRuntime","NewUIExchangeLuckyCoin"
"INTERFACE_DUELWATCH","NewUI","Combat","Duel spectator","Join or leave channel; choose duel; spectate; close","D-pad or left stick focus; A join/watch; X leave; Y details; B close; pointer fallback","N/A","Channel result server-confirmed","PointerFallback","PendingRuntime","NewUIDuelWatchWindow"
"INTERFACE_DUELWATCH_MAINFRAME","NewUI","Combat","Duel spectator HUD","View duel status; leave spectator mode","A primary spectator action; B leave/close; pointer fallback","N/A","Leave/result server-confirmed","PointerFallback","PendingRuntime","NewUIDuelWatchMainFrameWindow"
"INTERFACE_DUELWATCH_USERLIST","NewUI","Combat","Duel spectator list","Browse participants; choose target; close","D-pad or left stick focus; A select; Y details; B close; pointer fallback","N/A","Selection immediate","PointerFallback","PendingRuntime","NewUIDuelWatchUserListWindow"
"INTERFACE_INGAMESHOP","NewUI","CashShop","Cash shop","Browse categories/items/storage; buy; gift to own character; claim; delete; exchange earned Zen for local credit; page; close","D-pad or left stick focus; A buy/use; X gift/delete; Y details; LB/RB page; B close; right-stick pointer and A for recharge/exchange","Controller keyboard for recipient and gift text","Purchase, gift, claim, delete and local credit exchange results server-confirmed; physical motor feedback unverified","ControllerKeyboard+PointerFallback","PendingRuntime","GameShop/NewUIInGameShop; Network/Server/SoloCashShopPackets; WSclient cash shop results"
"INTERFACE_DOPPELGANGER_NPC","NewUI","Event","Doppelganger entry","Choose ticket; inspect requirements; enter; cancel","D-pad or left stick focus; A enter; Y details; B cancel; pointer fallback","N/A","Entry result server-confirmed","PointerFallback","PendingRuntime","NewUIDoppelGangerWindow"
"INTERFACE_DOPPELGANGER_FRAME","NewUI","Event","Doppelganger HUD","View timer, progress and monsters","No action required; B closes optional detail; pointer fallback","N/A","Major event result server-confirmed","ReadOnlyReachable","PendingRuntime","NewUIDoppelGangerFrame"
"INTERFACE_QUEST_PROGRESS","NewUI","Quest","Current quest dialogue","Read stages; accept/proceed/complete/cancel; choose response","D-pad or left stick focus; A proceed; X cancel; Y details; B close; pointer fallback","N/A","Quest result server-confirmed","PointerFallback","PendingRuntime","NewUIQuestProgress"
"INTERFACE_QUEST_PROGRESS_ETC","NewUI","Quest","Quest progress alternate","Read stages; choose response; proceed; cancel","D-pad or left stick focus; A proceed; X cancel; Y details; B close; pointer fallback","N/A","Quest result server-confirmed","PointerFallback","PendingRuntime","NewUIQuestProgressByEtc"
"INTERFACE_EMPIREGUARDIAN_NPC","NewUI","Event","Empire Guardian entry","Choose ticket; inspect requirements; enter; cancel","D-pad or left stick focus; A enter; Y details; B cancel; pointer fallback","N/A","Entry result server-confirmed","PointerFallback","PendingRuntime","NewUIEmpireGuardianNPC"
"INTERFACE_EMPIREGUARDIAN_TIMER","NewUI","Event","Empire Guardian HUD","View timer, stages and progress","No action required; B closes optional detail; pointer fallback","N/A","Major event result server-confirmed","ReadOnlyReachable","PendingRuntime","NewUIEmpireGuardianTimer"
"INTERFACE_MINI_MAP","NewUI","Navigation","Mini-map","Open/close; pan; select marker; issue siege command where allowed","View toggle; D-pad or left stick pan/focus; A marker; Y details; B close; pointer fallback","N/A","Selection immediate; command result server-confirmed","SemanticKeys+PointerFallback","PendingRuntime","NewUIMiniMap"
"INTERFACE_NPC_DIALOGUE","NewUI","NPC","NPC dialogue","Read text; choose response; accept service or quest; cancel","D-pad or left stick focus; A choose; X secondary; Y details; B close; pointer fallback","Controller keyboard only when response requests text/amount","Business result server-confirmed","PointerFallback+ControllerKeyboard","PendingRuntime","NewUINPCDialogue"
"INTERFACE_GENSRANKING","NewUI","Social","Gens faction and ranking","Browse rank; join/leave faction; claim reward; close","D-pad or left stick focus; A confirm; X leave; Y details; LB/RB page; B close; pointer fallback","N/A","Join, leave and reward result server-confirmed","PointerFallback","PendingRuntime","NewUIGensRanking"
"INTERFACE_UNITEDMARKETPLACE_NPC_JULIA","NewUI","Navigation","United Market Place entry","Inspect destination; enter; cancel","D-pad or left stick focus; A enter; Y details; B cancel; pointer fallback","N/A","Entry result server-confirmed","PointerFallback","PendingRuntime","NewUIUnitedMarketPlaceWindow"
"INTERFACE_LUCKYITEMWND","NewUI","Inventory","Lucky item window","Browse items; inspect timer/options; use or transform where offered; close","D-pad or left stick focus; A select/use; X secondary; Y details; B close; pointer fallback","N/A","Item result server-confirmed","PointerFallback","PendingRuntime","NewUILuckyItemWnd"
"INTERFACE_HOTKEY","NewUI","Combat","Hotkey bar","Select slot; assign skill/item; use; inspect","D-pad direct-use; LB/RB skill page; A select; X assign; Y details; pointer fallback","N/A","Use result server-confirmed","SemanticKeys+PointerFallback","PendingRuntime","NewUIHotKey"
"INTERFACE_ITEM_TOOLTIP","NewUI","Inventory","Common item tooltip","Inspect item properties and comparison; close","Y details; D-pad scroll where applicable; B close","N/A","Focus immediate","ReadOnlyReachable","PendingRuntime","NewUIItemMng tooltip camera range"
"INTERFACE_MUHELPER","NewUI","Automation","MU Helper settings","Start/stop; browse tabs; configure combat, pickup and potion behavior; save/cancel","D-pad or left stick focus; A toggle/select; left/right adjust; X reset/secondary; LB/RB tabs; B close; pointer fallback","Controller keyboard for numeric thresholds where offered","Setting immediate; save/status result server-confirmed","SemanticKeys+ControllerKeyboard+PointerFallback","PendingRuntime","NewUIMuHelper"
"INTERFACE_MUHELPER_EXT","NewUI","Automation","MU Helper extended settings","Configure advanced skill, buff, party, range and pickup rules; save/cancel","D-pad or left stick focus; A toggle/select; left/right adjust; X reset; LB/RB tabs; B close; pointer fallback","Controller keyboard for numeric thresholds where offered","Setting immediate; save result server-confirmed","SemanticKeys+ControllerKeyboard+PointerFallback","PendingRuntime","NewUIMuHelperExt"
"INTERFACE_MUHELPER_SKILL_LIST","NewUI","Automation","MU Helper skill picker","Browse skills; assign to helper slot; inspect; close","D-pad or left stick focus; A assign; Y details; LB/RB page; B close; pointer fallback","N/A","Selection immediate","SemanticKeys+PointerFallback","PendingRuntime","NewUIMuHelperSkillList"
"INTERFACE_SYSTEMLOGWINDOW","NewUI","HUD","System log","Read and scroll system messages","D-pad scroll; B closes optional expanded view; pointer fallback","N/A","No action haptic","ReadOnlyReachable","PendingRuntime","NewUISystemLogWindow"
"INTERFACE_COMMAND_LIST","NewUI","Social","Chat command list","Browse commands; insert command; close","D-pad or left stick focus; A insert; Y details; B close; pointer fallback","Controller keyboard continues command parameters","Focus/insert immediate","ControllerKeyboard+PointerFallback","PendingRuntime","NewUIChatCommandWindow"
