class	level	str	agi	vit	ene	baseMin	baseMax	atkRatePvm	defRatePvm	maxHp	maxMana
Dark Wizard	1	18	18	15	30	28.0	45.0	106.5	101.0	61.0	62.0
Dark Wizard	10	18	18	29	88	62.6	102.6	151.5	101.0	98.8	195.2
Dark Wizard	20	18	18	45	152	101.0	166.6	201.5	101.0	140.8	343.2
Dark Wizard	40	18	18	77	280	177.8	294.6	301.5	101.0	224.8	639.2
Dark Wizard	80	18	18	141	536	331.4	550.6	501.5	101.0	392.8	1231.2
Dark Wizard	120	18	18	205	792	485.0	806.6	701.5	101.0	560.8	1823.2
Dark Wizard	200	18	18	333	1304	792.2	1318.6	1101.5	101.0	896.8	3007.2
Dark Wizard	300	18	18	493	1944	1176.2	1958.6	1601.5	101.0	1316.8	4487.2
Dark Wizard	400	18	18	653	2584	1560.2	2598.6	2101.5	101.0	1736.8	5967.2
Dark Knight	1	28	20	25	10	29.6	44.4	112.0	101.7	112.0	20.5
Dark Knight	10	64	34	47	10	54.8	82.2	187.6	106.5	194.8	25.0
Dark Knight	20	104	50	71	10	82.8	124.2	271.6	111.8	286.8	30.0
Dark Knight	40	184	82	119	10	138.8	208.2	439.6	122.5	470.8	40.0
Dark Knight	80	344	146	215	10	250.8	376.2	775.6	143.8	838.8	60.0
Dark Knight	120	504	210	311	10	362.8	544.2	1111.6	165.1	1206.8	80.0
Dark Knight	200	824	338	503	10	586.8	880.2	1783.6	207.8	1942.8	120.0
Dark Knight	300	1224	498	743	10	866.8	1300.2	2623.6	261.1	2862.8	170.0
Dark Knight	400	1624	658	983	10	1146.8	1720.2	3463.6	314.5	3782.8	220.0
Fairy Elf	1	22	25	20	15	31.1	52.6	118.0	101.2	80.0	30.0
Fairy Elf	10	29	75	34	15	57.1	98.7	240.4	113.8	117.8	43.5
Fairy Elf	20	37	131	50	15	85.9	149.9	376.4	127.8	159.8	58.5
Fairy Elf	40	53	243	82	15	143.5	252.3	648.4	155.9	243.8	88.5
Fairy Elf	80	85	467	146	15	258.7	457.1	1192.4	211.9	411.8	148.5
Fairy Elf	120	117	691	210	15	373.9	661.9	1736.4	267.9	579.8	208.5
Fairy Elf	200	181	1139	338	15	604.3	1071.5	2824.4	379.9	915.8	328.5
Fairy Elf	300	261	1699	498	15	892.3	1583.5	4184.4	519.8	1335.8	478.5
Fairy Elf	400	341	2259	658	15	1180.3	2095.5	5544.4	659.8	1755.8	628.5
