num	designation	level	hp_stk	def_stk	dr_stk	ar_stk	hp_solo	def_solo	dr_solo	ar_solo
0	Bull Fighter	6	179.0	15.0	123.0	123.0	80.5	6.8	55.3	86.1
1	Hound	9	231.0	18.0	139.0	139.0	103.9	8.1	62.5	97.3
2	Budge Dragon	4	144.0	13.0	113.0	113.0	64.8	5.8	50.8	79.1
3	Spider	2	110.0	11.0	103.0	103.0	49.5	4.9	46.3	72.1
4	Elite Bull Fighter	12	285.0	22.0	154.0	154.0	128.2	9.9	69.3	107.8
5	Hell Hound	38	1400.0	55.0	45.0	190.0	630.0	24.8	20.2	133.0
6	Lich	14	320.0	24.0	164.0	164.0	144.0	10.8	73.8	114.8
7	Giant	17	374.0	27.0	180.0	180.0	168.3	12.1	81.0	126.0
8	Poison Bull	46	2500.0	75.0	61.0	230.0	1125.0	33.8	27.4	161.0
9	Thunder Lich	44	2000.0	70.0	55.0	220.0	900.0	31.5	24.8	154.0
10	Dark Knight	48	3000.0	80.0	70.0	240.0	1350.0	36.0	31.5	168.0
11	Ghost	32	1000.0	40.0	39.0	160.0	450.0	18.0	17.5	112.0
12	Larva	25	750.0	31.0	31.0	125.0	337.5	13.9	13.9	87.5
13	Hell Spider	40	1600.0	60.0	47.0	200.0	720.0	27.0	21.1	140.0
14	Skeleton Warrior	19	411.0	30.0	190.0	190.0	184.9	13.5	85.5	133.0
15	Skeleton Archer	34	1100.0	45.0	41.0	170.0	495.0	20.2	18.4	119.0
16	Elite Skeleton	42	1800.0	65.0	49.0	210.0	810.0	29.2	22.0	147.0
17	Cyclops	28	850.0	35.0	35.0	140.0	382.5	15.8	15.8	98.0
18	Gorgon	55	6000.0	100.0	82.0	275.0	2700.0	45.0	36.9	192.5
19	Yeti	30	900.0	37.0	37.0	150.0	405.0	16.6	16.6	105.0
20	Elite Yeti	36	1200.0	50.0	43.0	180.0	540.0	22.5	19.4	126.0
21	Assassin	26	800.0	33.0	33.0	130.0	360.0	14.8	14.8	91.0
22	Ice Monster	22	650.0	27.0	27.0	110.0	292.5	12.1	12.1	77.0
23	Hommerd	24	700.0	29.0	29.0	120.0	315.0	13.0	13.0	84.0
24	Worm	20	600.0	25.0	25.0	100.0	270.0	11.2	11.2	70.0
25	Ice Queen	52	4000.0	90.0	76.0	260.0	1800.0	40.5	34.2	182.0
26	Goblin	3	110.0	11.0	103.0	103.0	49.5	4.9	46.3	72.1
27	Chain Scorpion	5	149.0	13.0	115.0	115.0	67.0	5.8	51.8	80.5
28	Beetle Monster	10	248.0	19.0	144.0	144.0	111.6	8.6	64.8	100.8
29	Hunter	13	308.0	23.0	161.0	161.0	138.6	10.3	72.4	112.7
30	Forest Monster	15	349.0	26.0	173.0	173.0	157.1	11.7	77.8	121.1
31	Agon	16	369.0	27.0	178.0	178.0	166.1	12.1	80.1	124.6
32	Stone Golem	18	411.0	30.0	190.0	190.0	184.9	13.5	85.5	133.0
33	Elite Goblin	8	208.0	17.0	132.0	132.0	93.6	7.6	59.4	92.4
34	Cursed Wizard	54	4000.0	95.0	80.0	270.0	1800.0	42.8	36.0	189.0
35	Death Gorgon	64	6000.0	130.0	94.0	320.0	2700.0	58.5	42.3	224.0
36	Shadow	47	2800.0	78.0	67.0	235.0	1260.0	35.1	30.1	164.5
37	Devil	60	5000.0	115.0	88.0	300.0	2250.0	51.8	39.6	210.0
38	Balrog	66	9000.0	160.0	99.0	330.0	4050.0	72.0	44.5	231.0
39	Poison Shadow	50	3500.0	85.0	73.0	250.0	1575.0	38.2	32.8	175.0
40	Death Knight	62	5500.0	120.0	91.0	310.0	2475.0	54.0	41.0	217.0
41	Death Cow	57	4500.0	110.0	85.0	285.0	2025.0	49.5	38.2	199.5
43	Golden Budge Dragon	15	2500.0	45.0	30.0	75.0	1125.0	20.2	13.5	52.5
44	Red Dragon	47	15000.0	120.0	88.0	400.0	6750.0	54.0	39.6	280.0
45	Bahamut	43	2400.0	65.0	52.0	215.0	1080.0	29.2	23.4	150.5
46	Vepar	45	2800.0	70.0	58.0	225.0	1260.0	31.5	26.1	157.5
47	Valkyrie	46	3200.0	75.0	64.0	230.0	1440.0	33.8	28.8	161.0
48	Lizard King	70	9000.0	180.0	115.0	350.0	4050.0	81.0	51.8	245.0
49	Hydra	74	19000.0	200.0	125.0	430.0	8550.0	90.0	56.2	301.0
50	Sea Worm	74	19000.0	200.0	125.0	430.0	8550.0	90.0	56.2	301.0
51	Great Bahamut	66	7000.0	150.0	98.0	330.0	3150.0	67.5	44.1	231.0
52	Silver Valkyrie	68	8000.0	170.0	110.0	340.0	3600.0	76.5	49.5	238.0
53	Golden Titan	53	6500.0	105.0	77.0	265.0	2925.0	47.2	34.6	185.5
54	Golden Soldier	46	5000.0	75.0	64.0	230.0	2250.0	33.8	28.8	161.0
57	Iron Wheel	80	17000.0	215.0	150.0	446.0	7650.0	96.8	67.5	312.2
58	Tantallos	83	22000.0	250.0	175.0	500.0	9900.0	112.5	78.8	350.0
59	Zaikan	90	34000.0	400.0	185.0	550.0	15300.0	180.0	83.2	385.0
60	Bloody Wolf	76	13500.0	200.0	130.0	410.0	6075.0	90.0	58.5	287.0
61	Beam Knight	84	25000.0	275.0	190.0	530.0	11250.0	123.8	85.5	371.0
62	Mutant	72	10000.0	190.0	120.0	365.0	4500.0	85.5	54.0	255.5
63	Death Beam Knight	93	40000.0	420.0	220.0	575.0	18000.0	189.0	99.0	402.5
64	Orc Archer	70	10000.0	170.0	115.0	350.0	4500.0	76.5	51.8	245.0
65	Elite Orc	74	14000.0	190.0	125.0	400.0	6300.0	85.5	56.2	280.0
66	Cursed King	86	38000.0	350.0	200.0	525.0	17100.0	157.5	90.0	367.5
67	Metal Balrog	77	26000.0	220.0	150.0	385.0	11700.0	99.0	67.5	269.5
69	Alquamos	75	11500.0	195.0	125.0	385.0	5175.0	87.8	56.2	269.5
70	Queen Rainer	82	19000.0	230.0	160.0	475.0	8550.0	103.5	72.0	332.5
71	Mega Crust	78	15000.0	210.0	140.0	430.0	6750.0	94.5	63.0	301.0
72	Phantom Knight	96	41000.0	425.0	270.0	690.0	18450.0	191.2	121.5	483.0
73	Drakan	86	29000.0	305.0	210.0	570.0	13050.0	137.2	94.5	399.0
74	Alpha Crust	92	34500.0	360.0	240.0	620.0	15525.0	162.0	108.0	434.0
75	Great Drakan	100	50000.0	495.0	305.0	800.0	27071.1	222.8	137.2	560.0
76	Dark Phoenix Shield	106	73000.0	580.0	305.0	840.0	36031.2	261.0	137.2	588.0
77	Dark Phoenix	108	95000.0	600.0	350.0	900.0	41330.7	270.0	157.5	630.0
78	Golden Goblin	20	3200.0	50.0	50.0	100.0	1440.0	22.5	22.5	70.0
79	Golden Dragon	80	22000.0	230.0	90.0	400.0	9900.0	103.5	40.5	280.0
80	Golden Lizard King	83	25000.0	240.0	150.0	415.0	11250.0	108.0	67.5	290.5
81	Golden Vepar	61	10000.0	110.0	90.0	310.0	4500.0	49.5	40.5	217.0
82	Golden Tantallos	90	32000.0	300.0	185.0	450.0	14400.0	135.0	83.2	315.0
83	Golden Wheel	77	15000.0	230.0	160.0	385.0	6750.0	103.5	72.0	269.5
84	Chief Skeleton Warrior 1	56	5000.0	110.0	85.0	300.0	2250.0	49.5	38.2	210.0
85	Chief Skeleton Archer 1	61	6500.0	120.0	93.0	330.0	2925.0	54.0	41.8	231.0
86	Dark Skull Soldier 1	66	8000.0	160.0	98.0	360.0	3600.0	72.0	44.1	252.0
87	Giant Ogre 1	70	9500.0	180.0	115.0	400.0	4275.0	81.0	51.8	280.0
88	Red Skeleton Knight 1	74	12000.0	190.0	130.0	440.0	5400.0	85.5	58.5	308.0
89	Magic Skeleton 1	79	15000.0	240.0	180.0	500.0	6750.0	108.0	81.0	350.0
90	Chief Skeleton Warrior 2	64	7500.0	150.0	98.0	340.0	3375.0	67.5	44.1	238.0
91	Chief Skeleton Archer 2	69	9500.0	170.0	110.0	380.0	4275.0	76.5	49.5	266.0
92	Dark Skull Soldier 2	75	12000.0	190.0	130.0	440.0	5400.0	85.5	58.5	308.0
93	Giant Ogre 2	79	15000.0	210.0	150.0	500.0	6750.0	94.5	67.5	350.0
94	Red Skeleton Knight 2	82	18000.0	290.0	170.0	560.0	8100.0	130.5	76.5	392.0
95	Magic Skeleton 2	88	24000.0	360.0	200.0	640.0	10800.0	162.0	90.0	448.0
96	Chief Skeleton Warrior 3	70	12000.0	185.0	125.0	380.0	5400.0	83.2	56.2	266.0
97	Chief Skeleton Archer 3	75	15000.0	190.0	130.0	420.0	6750.0	85.5	58.5	294.0
98	Dark Skull Soldier 3	80	19000.0	220.0	175.0	470.0	8550.0	99.0	78.8	329.0
99	Giant Ogre 3	85	23000.0	300.0	190.0	520.0	10350.0	135.0	85.5	364.0
111	Red Skeleton Knight 3	87	26000.0	400.0	200.0	650.0	11700.0	180.0	90.0	455.0
112	Magic Skeleton 3	90	32000.0	450.0	260.0	720.0	14400.0	202.5	117.0	504.0
113	Chief Skeleton Warrior 4	76	17000.0	210.0	150.0	460.0	7650.0	94.5	67.5	322.0
114	Chief Skeleton Archer 4	81	20000.0	270.0	160.0	520.0	9000.0	121.5	72.0	364.0
115	Dark Skull Soldier 4	86	25000.0	360.0	195.0	580.0	11250.0	162.0	87.8	406.0
116	Giant Ogre 4	90	32000.0	400.0	230.0	660.0	14400.0	180.0	103.5	462.0
117	Red Skeleton Knight 4	94	38000.0	450.0	260.0	720.0	17100.0	202.5	117.0	504.0
118	Magic Skeleton 4	99	47000.0	500.0	280.0	840.0	24795.8	225.0	126.0	588.0
119	Chief Skeleton Warrior 5	85	23000.0	340.0	190.0	520.0	10350.0	153.0	85.5	364.0
120	Chief Skeleton Archer 5	87	26000.0	380.0	200.0	590.0	11700.0	171.0	90.0	413.0
121	Dark Skull Soldier 5	90	32000.0	400.0	230.0	660.0	14400.0	180.0	103.5	462.0
122	Giant Ogre 5	93	37000.0	440.0	250.0	730.0	16650.0	198.0	112.5	511.0
123	Red Skeleton Knight 5	98	45000.0	490.0	270.0	800.0	22236.1	220.5	121.5	560.0
124	Magic Skeleton 5	102	55000.0	550.0	310.0	870.0	29746.8	247.5	139.5	609.0
125	Chief Skeleton Warrior 6	110	50000.0	210.0	370.0	570.0	27071.1	94.5	166.5	399.0
126	Chief Skeleton Archer 6	112	53000.0	590.0	380.0	640.0	28775.0	265.5	171.0	448.0
127	Dark Skull Soldier 6	118	57000.0	610.0	300.0	710.0	30630.1	274.5	135.0	497.0
128	Giant Ogre 6	120	62000.0	615.0	310.0	780.0	32569.8	276.8	139.5	546.0
129	Red Skeleton Knight 6	127	70000.0	635.0	360.0	850.0	35165.8	285.8	162.0	595.0
130	Magic Skeleton 6	135	80000.0	680.0	370.0	920.0	37888.5	342.4	166.5	644.0
135	White Wizard	87	26000.0	400.0	200.0	550.0	11700.0	180.0	90.0	385.0
136	Destructive Ogre Soldier	70	9500.0	180.0	125.0	400.0	4275.0	81.0	56.2	280.0
137	Destructive Ogre Archer	74	12000.0	190.0	130.0	440.0	5400.0	85.5	58.5	308.0
138	Chief Skeleton Warrior 7	105	29000.0	440.0	250.0	570.0	13050.0	198.0	112.5	399.0
139	Chief Skeleton Archer 7	106	32000.0	480.0	260.0	640.0	14400.0	216.0	117.0	448.0
140	Dark Skull Soldier 7	110	37000.0	500.0	300.0	710.0	16650.0	225.0	135.0	497.0
141	Giant Ogre 7	112	45000.0	540.0	310.0	780.0	22236.1	243.0	139.5	546.0
142	Red Skeleton Knight 7	119	55000.0	600.0	360.0	850.0	29746.8	270.0	162.0	595.0
143	Magic Skeleton 7	125	60000.0	680.0	370.0	920.0	31832.2	342.4	166.5	644.0
144	Death Angel 1	24	740.0	30.0	24.0	100.0	333.0	13.5	10.8	70.0
145	Death Centurion 1	33	1250.0	50.0	39.0	145.0	562.5	22.5	17.5	101.5
146	Blood Soldier 1	21	600.0	25.0	20.0	88.0	270.0	11.2	9.0	61.6
147	Aegis 1	17	440.0	17.0	17.0	75.0	198.0	7.6	7.6	52.5
148	Rogue Centurion 1	19	500.0	20.0	18.0	80.0	225.0	9.0	8.1	56.0
149	Necron 1	28	900.0	38.0	30.0	118.0	405.0	17.1	13.5	82.6
150	Bali	52	5000.0	100.0	75.0	260.0	2250.0	45.0	33.8	182.0
151	Soldier	58	4000.0	110.0	86.0	290.0	1800.0	49.5	38.7	203.0
160	Schriker 1	40	1800.0	66.0	50.0	180.0	810.0	29.7	22.5	126.0
161	Illusion of Kundun 1	52	3000.0	90.0	70.0	255.0	1350.0	40.5	31.5	178.5
162	Chaos Castle 1	30	700.0	30.0	20.0	160.0	315.0	13.5	9.0	112.0
163	Chaos Castle 2	32	800.0	40.0	30.0	180.0	360.0	18.0	13.5	126.0
164	Chaos Castle 3	40	1600.0	75.0	60.0	225.0	720.0	33.8	27.0	157.5
165	Chaos Castle 4	45	2700.0	90.0	70.0	250.0	1215.0	40.5	31.5	175.0
166	Chaos Castle 5	54	4000.0	105.0	80.0	270.0	1800.0	47.2	36.0	189.0
167	Chaos Castle 6	60	5000.0	120.0	90.0	290.0	2250.0	54.0	40.5	203.0
168	Chaos Castle 7	65	65000.0	145.0	110.0	320.0	33601.5	65.2	49.5	224.0
169	Chaos Castle 8	68	8000.0	160.0	120.0	350.0	3600.0	72.0	54.0	245.0
170	Chaos Castle 9	70	10000.0	170.0	120.0	370.0	4500.0	76.5	54.0	259.0
171	Chaos Castle 10	75	12500.0	190.0	130.0	400.0	5625.0	85.5	58.5	280.0
172	Chaos Castle 11	76	15000.0	215.0	140.0	430.0	6750.0	96.8	63.0	301.0
173	Chaos Castle 12	80	18000.0	240.0	150.0	470.0	8100.0	108.0	67.5	329.0
174	Death Angel 2	40	1800.0	57.0	45.0	182.0	810.0	25.6	20.2	127.4
175	Death Centurion 2	48	3000.0	81.0	58.0	235.0	1350.0	36.5	26.1	164.5
176	Blood Soldier 2	37	1400.0	50.0	40.0	163.0	630.0	22.5	18.0	114.1
177	Aegis 2	32	1000.0	42.0	33.0	135.0	450.0	18.9	14.8	94.5
178	Rogue Centurion 2	34	1200.0	45.0	36.0	147.0	540.0	20.2	16.2	102.9
179	Necron 2	44	2300.0	68.0	50.0	205.0	1035.0	30.6	22.5	143.5
180	Schriker 2	53	3900.0	100.0	67.0	275.0	1755.0	45.0	30.1	192.5
181	Illusion of Kundun 2	65	6000.0	140.0	100.0	355.0	2700.0	63.0	45.0	248.5
182	Death Angel 3	53	4400.0	105.0	67.0	273.0	1980.0	47.2	30.1	191.1
183	Death Centurion 3	63	6600.0	150.0	92.0	325.0	2970.0	67.5	41.4	227.5
184	Blood Soldier 3	50	3650.0	90.0	600.0	250.0	1642.5	40.5	270.0	175.0
185	Aegis 3	46	2700.0	73.0	54.0	220.0	1215.0	32.8	24.3	154.0
186	Rogue Centurion 3	48	3100.0	80.0	56.0	232.0	1395.0	36.0	25.2	162.4
187	Necron 3	58	5300.0	126.0	77.0	296.0	2385.0	56.7	34.6	207.2
188	Schriker 3	69	8400.0	180.0	110.0	365.0	3780.0	81.0	49.5	255.5
189	Illusion of Kundun 3	81	14000.0	255.0	160.0	460.0	6300.0	114.8	72.0	322.0
190	Death Angel 4	74	12000.0	185.0	120.0	397.0	5400.0	83.2	54.0	277.9
191	Death Centurion 4	83	22500.0	255.0	175.0	500.0	10125.0	114.8	78.8	350.0
192	Blood Soldier 4	70	8800.0	165.0	105.0	360.0	3960.0	74.2	47.2	252.0
193	Aegis 4	62	6000.0	140.0	87.0	310.0	2700.0	63.0	39.1	217.0
194	Rogue Centurion 4	66	6900.0	150.0	95.0	330.0	3105.0	67.5	42.8	231.0
195	Necron 4	78	16000.0	215.0	145.0	440.0	7200.0	96.8	65.2	308.0
196	Schriker 4	88	30000.0	300.0	245.0	575.0	13500.0	135.0	110.2	402.5
197	Illusion of Kundun 4	100	50000.0	500.0	295.0	7800.0	27071.1	225.0	132.8	3937.2
204	Wolf Status	2	50.0	70.0	30.0	10.0	22.5	31.5	13.5	7.0
205	Wolf Altar1	2	50.0	70.0	30.0	10.0	22.5	31.5	13.5	7.0
206	Wolf Altar2	2	50.0	70.0	30.0	10.0	22.5	31.5	13.5	7.0
207	Wolf Altar3	2	50.0	70.0	30.0	10.0	22.5	31.5	13.5	7.0
208	Wolf Altar4	2	50.0	70.0	30.0	10.0	22.5	31.5	13.5	7.0
209	Wolf Altar5	2	50.0	70.0	30.0	10.0	22.5	31.5	13.5	7.0
260	Death Angel 5	88	31000.0	315.0	195.0	587.0	13950.0	141.8	87.8	410.9
261	Death Centurion 5	98	48000.0	460.0	250.0	715.0	25656.9	207.0	112.5	500.5
262	Blood Soldier 5	85	26000.0	280.0	177.0	540.0	11700.0	126.0	79.7	378.0
263	Aegis 5	79	18000.0	230.0	163.0	460.0	8100.0	103.5	73.3	322.0
264	Rogue Centurion 5	82	21000.0	250.0	168.0	490.0	9450.0	112.5	75.6	343.0
265	Necron 5	93	38500.0	370.0	220.0	642.0	17325.0	166.5	99.0	449.4
266	Schriker 5	105	60000.0	515.0	290.0	810.0	31832.2	231.8	130.5	567.0
267	Illusion of Kundun 5	117	100000.0	680.0	360.0	1000.0	42360.7	342.4	162.0	700.0
268	Death Angel 6	105	65000.0	500.0	275.0	760.0	33601.5	225.0	123.8	532.0
269	Death Centurion 6	114	87500.0	620.0	335.0	900.0	39685.0	279.0	150.8	630.0
270	Blood Soldier 6	101	56000.0	460.0	255.0	713.0	30198.0	207.0	114.8	499.1
271	Aegis 6	95	42000.0	410.0	230.0	655.0	18900.0	184.5	103.5	458.5
272	Rogue Centurion 6	98	48500.0	432.0	240.0	680.0	26041.5	194.4	108.0	476.0
273	Necron 6	109	75500.0	550.0	303.0	820.0	36718.3	247.5	136.3	574.0
274	Schriker 6	119	105000.0	710.0	370.0	1000.0	43345.2	376.5	166.5	700.0
275	Illusion of Kundun 7	140	140000.0	892.0	450.0	1200.0	49325.8	474.4	202.5	840.0
290	Lizard Warrior	78	15000.0	210.0	140.0	430.0	6750.0	94.5	63.0	301.0
291	Fire Golem	102	55000.0	550.0	310.0	870.0	29746.8	247.5	139.5	609.0
292	Queen Bee	92	34500.0	360.0	240.0	620.0	15525.0	162.0	108.0	434.0
293	Poison Golem	84	25000.0	275.0	190.0	530.0	11250.0	123.8	85.5	371.0
294	Axe Warrior	75	11500.0	195.0	125.0	385.0	5175.0	87.8	56.2	269.5
295	Erohim	128	3000000.0	1000.0	800.0	1500.0	183095.1	512.1	434.2	1050.0
304	Witch Queen	94	38500.0	357.0	230.0	637.0	17325.0	160.6	103.5	445.9
305	Blue Golem	84	25000.0	277.0	170.0	507.0	11250.0	124.6	76.5	354.9
306	Death Rider	78	14000.0	222.0	144.0	402.0	6300.0	99.9	64.8	281.4
307	Forest Orc	74	11000.0	197.0	127.0	390.0	4950.0	88.6	57.1	273.0
308	Death Tree	72	10000.0	187.0	120.0	362.0	4500.0	84.2	54.0	253.4
309	Hell Maine	98	50000.0	520.0	300.0	850.0	27071.1	234.0	135.0	595.0
310	Hammer Scout	97	45000.0	420.0	250.0	670.0	22236.1	189.0	112.5	469.0
311	Lance Scout	97	45000.0	420.0	250.0	670.0	22236.1	189.0	112.5	469.0
312	Bow Scout	97	45000.0	420.0	250.0	670.0	22236.1	189.0	112.5	469.0
313	Werewolf	118	110000.0	680.0	355.0	950.0	44289.9	342.4	159.8	665.0
314	Scout(Hero)	123	120000.0	740.0	370.0	980.0	46076.8	399.5	166.5	686.0
315	Werewolf(Hero)	127	123000.0	800.0	397.0	1027.0	46589.5	434.2	178.6	718.9
316	Balram	132	140000.0	885.0	440.0	1100.0	49325.8	471.7	198.0	770.0
317	Soram	134	164000.0	982.0	500.0	1173.0	52802.4	506.3	225.0	821.1
331	Aegis 7	111	82000.0	584.0	315.0	850.0	38384.8	262.8	141.8	595.0
332	Rogue Centurion 7	114	88000.0	615.0	330.0	880.0	39799.0	276.8	148.5	616.0
333	Blood Soldier 7	117	97300.0	660.0	345.0	920.0	41810.5	297.0	155.2	644.0
334	Death Angel 7	121	110000.0	720.0	370.0	960.0	44289.9	384.9	166.5	672.0
335	Necron 7	125	125000.0	783.0	405.0	1015.0	46925.8	425.3	182.2	710.5
336	Death Centurion 7	130	145000.0	865.0	440.0	1080.0	50083.2	463.6	198.0	756.0
337	Schriker 7	135	170000.0	992.0	485.0	1190.0	53615.5	509.6	218.2	833.0
338	Illusion of Kundun 6	140	140000.0	892.0	450.0	1200.0	49325.8	474.4	202.5	840.0
350	Berserker	100	44370.0	443.0	255.0	728.0	19966.5	199.3	114.8	509.6
351	Splinter Wolf	80	16000.0	230.0	163.0	460.0	7200.0	103.5	73.3	322.0
352	Iron Rider	82	18000.0	250.0	168.0	490.0	8100.0	112.5	75.6	343.0
353	Satyros	85	22000.0	280.0	177.0	540.0	9900.0	126.0	79.7	378.0
354	Blade Hunter	88	32000.0	315.0	195.0	587.0	14400.0	141.8	87.8	410.9
355	Kentauros	93	38500.0	370.0	220.0	645.0	17325.0	166.5	99.0	451.5
356	Gigantis	98	43000.0	430.0	250.0	715.0	19350.0	193.5	112.5	500.5
357	Genocider	105	48500.0	515.0	290.0	810.0	26041.5	231.8	130.5	567.0
358	Persona	118	68000.0	615.0	485.0	1190.0	34560.2	276.8	218.2	833.0
359	Twin Tale	117	87500.0	865.0	440.0	1080.0	39685.0	463.6	198.0	756.0
360	Dreadfear	119	94000.0	783.0	906.0	1015.0	41118.7	425.3	479.7	710.5
409	Balram (Trainee Soldier)	117	75000.0	480.0	370.0	1200.0	36583.1	216.0	166.5	840.0
410	Death Spirit (Trainee Soldier)	119	85000.0	490.0	390.0	1200.0	39105.0	220.5	175.5	840.0
411	Soram (Trainee Soldier)	119	90000.0	500.0	390.0	1200.0	40248.5	225.0	175.5	840.0
412	Dark Elf (Trainee Soldier)	128	1500000.0	900.0	400.0	1500.0	134455.2	477.5	180.0	1050.0
418	Strange Rabbit	4	110.0	11.0	103.0	103.0	49.5	4.9	46.3	72.1
419	Polluted Butterfly	13	170.0	15.0	121.0	121.0	76.5	6.8	54.4	84.7
420	Hideous Rabbit	19	210.0	17.0	133.0	133.0	94.5	7.6	59.8	93.1
421	Werewolf	24	244.0	19.0	143.0	143.0	109.8	8.6	64.3	100.1
422	Cursed Lich	30	285.0	22.0	154.0	154.0	128.2	9.9	69.3	107.8
423	Totem Golem	36	327.0	24.0	166.0	166.0	147.1	10.8	74.7	116.2
424	Grizzly	43	376.0	27.0	180.0	180.0	169.2	12.1	81.0	126.0
425	Captain Grizzly	48	411.0	30.0	190.0	190.0	184.9	13.5	85.5	133.0
426	Chaos Castle 13	111	20000.0	245.0	1900.0	480.0	9000.0	110.2	708.0	336.0
427	Chaos Castle 14	114	23000.0	280.0	190.0	480.0	10350.0	126.0	85.5	336.0
428	Chief Skeleton Warrior 8	114	173500.0	600.0	426.0	640.0	54080.8	270.0	191.7	448.0
429	Chief Skeleton Archer 8	117	175000.0	615.0	440.0	690.0	54278.3	276.8	198.0	483.0
430	Dark Skull Soldier 8	125	184000.0	622.0	465.0	760.0	55440.1	279.9	209.2	532.0
431	Giant Ogre 8	129	208000.0	635.0	510.0	830.0	58366.7	285.8	229.5	581.0
432	Red Skeleton Knight 8	132	208700.0	648.0	585.0	900.0	58448.7	291.6	263.2	630.0
433	Magic Skeleton 8	140	215000.0	690.0	750.0	950.0	59179.1	356.1	406.1	665.0
434	Gigantis	98	43000.0	430.0	250.0	715.0	19350.0	193.5	112.5	500.5
435	Berserk	100	70000.0	430.0	360.0	1000.0	35165.8	193.5	162.0	700.0
436	Balram (Trainee)	134	90000.0	500.0	370.0	1500.0	40248.5	225.0	166.5	1050.0
437	Soram (Trainee)	134	100000.0	500.0	397.0	1500.0	42360.7	225.0	178.6	1050.0
438	Persona	118	68000.0	615.0	485.0	1190.0	34560.2	276.8	218.2	833.0
439	Dreadfear	119	94000.0	783.0	905.0	1015.0	41118.7	425.3	479.4	710.5
440	Dark_Elf	135	1000000.0	650.0	370.0	1500.0	112736.2	292.5	166.5	1050.0
441	Sapi-Unus	95	37000.0	370.0	220.0	700.0	16650.0	166.5	99.0	490.0
442	Sapi-Duo	96	39500.0	375.0	225.0	730.0	17775.0	168.8	101.2	511.0
443	Sapi-Tres	102	58000.0	470.0	275.0	880.0	31045.4	211.5	123.8	616.0
444	Shadow Pawn	98	48500.0	430.0	240.0	830.0	26041.5	193.5	108.0	581.0
445	Shadow Knight	100	52000.0	455.0	255.0	860.0	28246.2	204.8	114.8	602.0
446	Shadow Look	104	62000.0	500.0	290.0	950.0	32569.8	225.0	130.5	665.0
447	Thunder Napin	97	42000.0	395.0	235.0	750.0	18900.0	177.8	105.8	525.0
448	Ghost Napin	106	68000.0	535.0	295.0	983.0	34560.2	240.8	132.8	688.1
449	Blaze Napin	107	70000.0	530.0	303.0	1000.0	35165.8	238.5	136.3	700.0
454	Ice Walker	102	68000.0	615.0	800.0	1190.0	34560.2	276.8	434.2	833.0
455	Giant Mammoth	112	77000.0	585.0	840.0	1350.0	37117.2	263.2	453.0	945.0
456	Ice Giant	122	84000.0	620.0	770.0	1570.0	38868.0	279.0	418.1	1099.0
457	Coolutin	132	88000.0	650.0	840.0	1940.0	39799.0	292.5	453.0	1358.0
458	Iron Knight	142	95000.0	660.0	800.0	2000.0	41330.7	297.0	434.2	1400.0
459	Selupan	145	4800000.0	1250.0	1800.0	2200.0	226881.6	580.6	691.2	1744.9
460	Spider Eggs 1	10	40000.0	410.0	280.0	750.0	18000.0	184.5	126.0	525.0
461	Spider Eggs 2	10	40000.0	410.0	280.0	750.0	18000.0	184.5	126.0	525.0
462	Spider Eggs 3	10	40000.0	410.0	280.0	750.0	18000.0	184.5	126.0	525.0
480	Zombie Fighter	90	20000.0	200.0	170.0	750.0	9000.0	90.0	76.5	525.0
481	Zombie Fighter	120	5000000.0	210.0	820.0	1190.0	231187.1	94.5	443.9	833.0
482	Resurrected Gladiator	93	23000.0	220.0	200.0	780.0	10350.0	99.0	90.0	546.0
483	Resurrected Gladiator	121	513000.0	230.0	825.0	1210.0	84938.4	103.5	446.2	847.0
484	Ash Slaughterer	100	27000.0	270.0	230.0	810.0	12150.0	121.5	103.5	567.0
485	Ash Slaughterer	122	520000.0	280.0	830.0	1230.0	85421.7	126.0	448.5	861.0
486	Blood Assassin	107	37000.0	475.0	300.0	900.0	16650.0	213.8	135.0	630.0
487	Cruel Blood Assassin	109	40000.0	490.0	325.0	950.0	18000.0	220.5	146.2	665.0
488	Cruel Blood Assassin	123	523000.0	500.0	835.0	1250.0	85627.7	225.0	450.7	875.0
489	Burning Lava Giant	111	50000.0	520.0	330.0	970.0	27071.1	234.0	148.5	679.0
490	Ruthless Lava Giant	113	55000.0	535.0	340.0	1000.0	29746.8	240.8	153.0	700.0
491	Ruthless Lava Giant	124	530000.0	545.0	840.0	1270.0	86106.0	245.2	453.0	889.0
504	Gayion The Gladiator	138	1800000.0	4550.0	1485.0	2500.0	145698.1	1000.0	632.4	2112.4
505	Jerry	140	1000000.0	5000.0	1500.0	2000.0	112736.2	1000.0	635.4	1400.0
506	Raymond	146	1600000.0	5600.0	1800.0	2600.0	138321.6	1000.0	691.2	2192.8
507	Lucas	142	1200000.0	5200.0	1200.0	2200.0	121980.4	1000.0	568.3	1744.9
508	Fred	145	1500000.0	5500.0	1500.0	2500.0	134455.2	1000.0	635.4	2112.4
509	Hammerize	143	1300000.0	5300.0	1300.0	2300.0	126301.5	1000.0	592.4	1906.2
510	Dual Berserker	144	1400000.0	5400.0	1400.0	2400.0	130453.6	1000.0	614.6	2019.6
511	Devil Lord	141	1100000.0	5100.0	1100.0	2100.0	117467.9	1000.0	541.9	1470.0
512	Quarter Master	134	90000.0	992.0	585.0	1150.0	40248.5	509.6	263.2	805.0
513	Combat Instructor	118	68000.0	750.0	550.0	1100.0	34560.2	406.1	247.5	770.0
514	Aticle's Head	135	300000.0	850.0	797.0	1400.0	67958.3	457.3	432.6	980.0
515	Dark Ghost	134	100000.0	1020.0	665.0	1270.0	42360.7	518.4	299.2	889.0
516	Banshee	119	105000.0	830.0	605.0	1150.0	43345.2	448.5	272.2	805.0
517	Head Mounter	140	140000.0	950.0	880.0	1600.0	49325.8	495.6	469.7	1120.0
518	Defender	118	78000.0	783.0	505.0	1015.0	37378.1	425.3	227.2	710.5
519	Forsaker	115	70000.0	720.0	470.0	960.0	35165.8	384.9	211.5	672.0
520	Ocelot the Lord	113	53000.0	660.0	445.0	920.0	28775.0	297.0	200.2	644.0
521	Eric the Guard	120	78500.0	865.0	540.0	1080.0	37507.1	463.6	243.0	756.0
524	Evil Gate	2	988500.0	2515.0	2230.0	10.0	112176.5	799.5	759.4	7.0
525	Lion Gate	2	988000.0	2615.0	2230.0	10.0	112152.0	812.9	759.4	7.0
526	Statue	2	987500.0	2865.0	2230.0	10.0	112127.6	844.8	759.4	7.0
527	Star Gate	2	987500.0	2865.0	2230.0	10.0	112127.6	844.8	759.4	7.0
528	Rush Gate	2	994000.0	2750.0	2230.0	10.0	112444.6	830.3	759.4	7.0
549	Bloody Orc	114	117000.0	420.0	820.0	900.0	45553.9	189.0	443.9	630.0
550	Bloody Death Rider	115	88000.0	460.0	430.0	1100.0	39799.0	207.0	193.5	770.0
551	Bloody Golem	117	129700.0	470.0	960.0	900.0	47700.2	211.5	499.0	630.0
552	Bloody Witch Queen	120	85700.0	480.0	430.0	1100.0	39269.1	216.0	193.5	770.0
553	Berserker Warrior	123	184370.0	543.0	755.0	1557.0	55487.0	244.3	409.2	1089.9
554	Kentauros Warrior	126	198500.0	570.0	920.0	1258.0	57235.7	256.5	484.9	880.6
555	Gigantis Warrior	128	203000.0	630.0	750.0	1575.0	57775.7	283.5	406.1	1102.5
556	Genocider Warrior	129	218500.0	715.0	990.0	1251.0	59579.0	380.8	508.9	875.7
557	Sapi Queen	131	218000.0	670.0	875.0	1847.0	59522.1	321.2	467.7	1292.9
558	Ice Napin	135	230000.0	730.0	903.0	1544.0	60865.6	392.5	478.6	1080.8
559	Shadow Master	137	242000.0	700.0	990.0	1646.0	62166.3	367.1	508.9	1152.2
562	Dark Mammoth	140	237000.0	785.0	1440.0	2240.0	61629.3	426.4	623.1	1819.4
563	Dark Giant	143	254000.0	820.0	970.0	2647.0	63428.1	443.9	502.4	2227.6
564	Dark Coolutin	145	248000.0	850.0	1440.0	2142.0	62801.9	457.3	623.1	1499.4
565	Dark Iron Knight	148	265000.0	860.0	1430.0	2441.0	64553.3	461.6	621.0	2059.5
569	Venomous Chain Scorpion	99	50000.0	445.0	248.0	845.0	27071.1	200.2	111.6	591.5
570	Bone Scorpion	103	60000.0	283.0	363.0	915.0	31832.2	127.3	163.3	640.5
571	Orcus	105	65000.0	518.0	293.0	965.0	33601.5	233.1	131.8	675.5
572	Gollock	108	72000.0	545.0	315.0	1020.0	35748.0	245.2	141.8	714.0
573	Crypta	111	78000.0	560.0	340.0	1080.0	37378.1	252.0	153.0	756.0
574	Crypos	114	83000.0	575.0	375.0	11400.0	38627.9	258.8	168.8	4000.0
575	Condra	117	90000.0	610.0	406.0	1200.0	40248.5	274.5	182.7	840.0
576	Narcondra	120	96000.0	640.0	425.0	1265.0	41540.7	288.0	191.2	885.5
