class	mon	hp	def	dr	level	baseMin	baseMax	atkRatePvm	defRatePvm	hit	effMin	effMax	expHits	ttk_s
Dark Wizard	Spider	49.5	4.9	46.3	1	28.0	45.0	106.5	101.0	0.80	23.1	40.1	1.6	2.0
Dark Wizard	Goblin	49.5	4.9	46.3	1	28.0	45.0	106.5	101.0	0.80	23.1	40.1	1.6	2.0
Dark Wizard	Chain Scorpion	67.0	5.8	51.8	1	28.0	45.0	106.5	101.0	0.80	22.2	39.2	2.2	2.7
Dark Wizard	Beetle Monster	111.6	8.6	64.8	1	28.0	45.0	106.5	101.0	0.80	19.4	36.4	4.0	5.0
Dark Wizard	Hunter	138.6	10.3	72.4	1	28.0	45.0	106.5	101.0	0.80	17.7	34.7	5.3	6.6
Dark Wizard	Forest Monster	157.1	11.7	77.8	1	28.0	45.0	106.5	101.0	0.80	16.3	33.3	6.3	7.9
Dark Wizard	Larva	337.5	13.9	13.9	1	28.0	45.0	106.5	101.0	0.87	14.1	31.1	15.0	17.2
Dark Knight	Spider	49.5	4.9	46.3	1	29.6	44.4	112.0	101.7	0.80	24.7	39.4	1.5	1.9
Dark Knight	Goblin	49.5	4.9	46.3	1	29.6	44.4	112.0	101.7	0.80	24.7	39.4	1.5	1.9
Dark Knight	Chain Scorpion	67.0	5.8	51.8	1	29.6	44.4	112.0	101.7	0.80	23.8	38.5	2.2	2.7
Dark Knight	Beetle Monster	111.6	8.6	64.8	1	29.6	44.4	112.0	101.7	0.80	21.1	35.8	3.9	4.9
Dark Knight	Hunter	138.6	10.3	72.4	1	29.6	44.4	112.0	101.7	0.80	19.3	34.0	5.2	6.5
Dark Knight	Forest Monster	157.1	11.7	77.8	1	29.6	44.4	112.0	101.7	0.80	17.9	32.7	6.2	7.8
Dark Knight	Larva	337.5	13.9	13.9	1	29.6	44.4	112.0	101.7	0.88	15.7	30.4	14.6	16.7
Fairy Elf	Spider	49.5	4.9	46.3	1	31.1	52.6	118.0	101.2	0.80	26.2	47.7	1.3	1.7
Fairy Elf	Goblin	49.5	4.9	46.3	1	31.1	52.6	118.0	101.2	0.80	26.2	47.7	1.3	1.7
Fairy Elf	Chain Scorpion	67.0	5.8	51.8	1	31.1	52.6	118.0	101.2	0.80	25.3	46.8	1.9	2.3
Fairy Elf	Beetle Monster	111.6	8.6	64.8	1	31.1	52.6	118.0	101.2	0.80	22.6	44.1	3.3	4.2
Fairy Elf	Hunter	138.6	10.3	72.4	1	31.1	52.6	118.0	101.2	0.80	20.8	42.3	4.4	5.5
Fairy Elf	Forest Monster	157.1	11.7	77.8	1	31.1	52.6	118.0	101.2	0.80	19.4	40.9	5.2	6.5
Fairy Elf	Larva	337.5	13.9	13.9	1	31.1	52.6	118.0	101.2	0.88	17.2	38.7	12.1	13.7
Magic Gladiator	Spider	49.5	4.9	46.3	1	6.5	9.8	50.5	8.7	0.80	4.0	4.8	12.4	15.5
Magic Gladiator	Goblin	49.5	4.9	46.3	1	6.5	9.8	50.5	8.7	0.80	4.0	4.8	12.4	15.5
Magic Gladiator	Chain Scorpion	67.0	5.8	51.8	1	6.5	9.8	50.5	8.7	0.80	4.0	4.0	16.8	21.0
Magic Gladiator	Beetle Monster	111.6	8.6	64.8	1	6.5	9.8	50.5	8.7	0.80	4.0	4.0	27.9	34.9
Magic Gladiator	Hunter	138.6	10.3	72.4	1	6.5	9.8	50.5	8.7	0.80	4.0	4.0	34.6	43.3
Magic Gladiator	Forest Monster	157.1	11.7	77.8	1	6.5	9.8	50.5	8.7	0.80	4.0	4.0	39.3	49.1
Magic Gladiator	Larva	337.5	13.9	13.9	1	6.5	9.8	50.5	8.7	0.80	4.0	4.0	84.4	105.5
Dark Lord	Spider	49.5	4.9	46.3	1	4.8	6.7	61.8	2.9	0.80	4.0	4.0	12.4	15.5
Dark Lord	Goblin	49.5	4.9	46.3	1	4.8	6.7	61.8	2.9	0.80	4.0	4.0	12.4	15.5
Dark Lord	Chain Scorpion	67.0	5.8	51.8	1	4.8	6.7	61.8	2.9	0.80	4.0	4.0	16.8	21.0
Dark Lord	Beetle Monster	111.6	8.6	64.8	1	4.8	6.7	61.8	2.9	0.80	4.0	4.0	27.9	34.9
Dark Lord	Hunter	138.6	10.3	72.4	1	4.8	6.7	61.8	2.9	0.80	4.0	4.0	34.6	43.3
Dark Lord	Forest Monster	157.1	11.7	77.8	1	4.8	6.7	61.8	2.9	0.80	4.0	4.0	39.3	49.1
Dark Lord	Larva	337.5	13.9	13.9	1	4.8	6.7	61.8	2.9	0.80	4.0	4.0	84.4	105.5
Summoner	Spider	49.5	4.9	46.3	1	13.8	23.0	41.8	5.2	0.80	8.9	18.1	3.7	4.6
Summoner	Goblin	49.5	4.9	46.3	1	13.8	23.0	41.8	5.2	0.80	8.9	18.1	3.7	4.6
Summoner	Chain Scorpion	67.0	5.8	51.8	1	13.8	23.0	41.8	5.2	0.80	8.0	17.2	5.3	6.7
Summoner	Beetle Monster	111.6	8.6	64.8	1	13.8	23.0	41.8	5.2	0.80	5.2	14.4	11.3	14.2
Summoner	Hunter	138.6	10.3	72.4	1	13.8	23.0	41.8	5.2	0.80	4.0	12.7	17.2	21.5
Summoner	Forest Monster	157.1	11.7	77.8	1	13.8	23.0	41.8	5.2	0.80	4.0	11.3	23.4	29.3
Summoner	Larva	337.5	13.9	13.9	1	13.8	23.0	41.8	5.2	0.80	4.0	9.1	75.8	94.8
Rage Fighter	Spider	49.5	4.9	46.3	1	6.2	8.5	42.1	2.7	0.80	4.0	4.0	12.4	15.5
Rage Fighter	Goblin	49.5	4.9	46.3	1	6.2	8.5	42.1	2.7	0.80	4.0	4.0	12.4	15.5
Rage Fighter	Chain Scorpion	67.0	5.8	51.8	1	6.2	8.5	42.1	2.7	0.80	4.0	4.0	16.8	21.0
Rage Fighter	Beetle Monster	111.6	8.6	64.8	1	6.2	8.5	42.1	2.7	0.80	4.0	4.0	27.9	34.9
Rage Fighter	Hunter	138.6	10.3	72.4	1	6.2	8.5	42.1	2.7	0.80	4.0	4.0	34.6	43.3
Rage Fighter	Forest Monster	157.1	11.7	77.8	1	6.2	8.5	42.1	2.7	0.80	4.0	4.0	39.3	49.1
Rage Fighter	Larva	337.5	13.9	13.9	1	6.2	8.5	42.1	2.7	0.80	4.0	4.0	84.4	105.5
