class	level	str	agi	vit	ene	baseMin	baseMax	avgDmg	skillX2	atkRatePvm	defRatePvm	maxHp	defPvp
Dark Wizard	1	18	18	15	30	28.0	45.0	36.5	73.0	106.5	101.0	61.0	2.2
Dark Wizard	10	18	18	29	88	62.6	102.6	82.6	165.2	151.5	101.0	98.8	2.2
Dark Wizard	15	18	18	37	120	81.8	134.6	108.2	216.4	176.5	101.0	119.8	2.2
Dark Wizard	40	18	18	77	280	177.8	294.6	236.2	472.4	301.5	101.0	224.8	2.2
Dark Wizard	80	18	18	141	536	331.4	550.6	441.0	882.0	501.5	101.0	392.8	2.2
Dark Wizard	120	18	18	205	792	485.0	806.6	645.8	1291.6	701.5	101.0	560.8	2.2
Dark Wizard	148	18	18	250	971	592.5	985.8	789.1	1578.3	841.5	101.0	678.4	2.2
Dark Knight	1	28	20	25	10	29.6	44.4	37.0	74.0	112.0	101.7	112.0	3.3
Dark Knight	10	64	34	47	10	54.8	82.2	68.5	137.0	187.6	106.5	194.8	5.7
Dark Knight	15	84	42	59	10	68.8	103.2	86.0	172.0	229.6	109.1	240.8	7.1
Dark Knight	40	184	82	119	10	138.8	208.2	173.5	347.0	439.6	122.5	470.8	13.7
Dark Knight	80	344	146	215	10	250.8	376.2	313.5	627.0	775.6	143.8	838.8	24.4
Dark Knight	120	504	210	311	10	362.8	544.2	453.5	907.0	1111.6	165.1	1206.8	35.1
Dark Knight	148	616	255	378	10	441.2	661.8	551.5	1103.0	1346.8	180.1	1464.4	42.5
Fairy Elf	1	22	25	20	15	31.1	52.6	41.9	83.8	118.0	101.2	80.0	1.2
Fairy Elf	10	29	75	34	15	57.1	98.7	77.9	155.8	240.4	113.8	117.8	3.8
Fairy Elf	15	33	103	42	15	71.5	124.3	97.9	195.8	308.4	120.8	138.8	5.2
Fairy Elf	40	53	243	82	15	143.5	252.3	197.9	395.8	648.4	155.9	243.8	12.2
Fairy Elf	80	85	467	146	15	258.7	457.1	357.9	715.7	1192.4	211.9	411.8	23.4
Fairy Elf	120	117	691	210	15	373.9	661.9	517.9	1035.8	1736.4	267.9	579.8	34.6
Fairy Elf	148	140	848	255	15	454.5	805.2	629.9	1259.8	2117.2	307.0	697.4	42.4
Magic Gladiator	1	26	26	26	26	16.5	24.8	20.6	41.2	120.5	103.7	110.0	2.6
Magic Gladiator	10	62	26	40	48	24.3	36.5	30.4	60.8	174.5	103.7	147.8	2.6
Magic Gladiator	15	82	26	48	60	28.6	43.0	35.8	71.6	204.5	103.7	168.8	2.6
Magic Gladiator	40	182	26	88	120	50.3	75.4	62.9	125.8	354.5	103.7	273.8	2.6
Magic Gladiator	80	342	26	152	216	85.0	127.4	106.2	212.4	594.5	103.7	441.8	2.6
Magic Gladiator	120	502	26	216	312	119.6	179.4	149.5	299.1	834.5	103.7	609.8	2.6
Magic Gladiator	148	614	26	261	379	143.9	215.9	179.9	359.8	1002.5	103.7	727.4	2.6
Dark Lord	1	26	20	20	15	14.8	21.7	18.2	36.5	131.8	97.9	90.0	1.4
Dark Lord	10	62	20	42	29	21.0	30.3	25.6	51.3	182.8	97.9	146.7	1.4
Dark Lord	15	82	20	54	37	24.4	35.1	29.8	59.5	211.2	97.9	178.2	1.4
Dark Lord	40	182	20	114	77	41.5	59.1	50.3	100.7	352.8	97.9	335.7	1.4
Dark Lord	80	342	20	210	141	69.0	97.5	83.2	166.5	579.5	97.9	587.7	1.4
Dark Lord	120	502	20	306	205	96.4	135.9	116.2	232.3	806.2	97.9	839.7	1.4
Dark Lord	148	614	20	373	250	115.6	162.8	139.2	278.4	964.8	97.9	1016.1	1.4
Summoner	1	21	21	18	23	23.8	38.0	30.9	61.8	111.8	100.2	76.0	3.5
Summoner	10	21	21	32	81	58.4	95.6	77.0	154.0	156.8	100.2	113.8	3.5
Summoner	15	21	21	40	113	77.6	127.6	102.6	205.2	181.8	100.2	134.8	3.5
Summoner	40	21	21	80	273	173.6	287.6	230.6	461.2	306.8	100.2	239.8	3.5
Summoner	80	21	21	144	529	327.2	543.6	435.4	870.8	506.8	100.2	407.8	3.5
Summoner	120	21	21	208	785	480.8	799.6	640.2	1280.4	706.8	100.2	575.8	3.5
Summoner	148	21	21	253	964	588.3	978.8	783.5	1567.1	846.8	100.2	693.4	3.5
Rage Fighter	1	32	27	25	20	16.2	23.5	19.9	39.7	112.1	97.7	108.3	1.7
Rage Fighter	10	75	27	39	34	23.4	33.3	28.3	56.7	146.3	97.7	148.8	1.7
Rage Fighter	15	99	27	47	42	27.3	38.8	33.1	66.1	165.3	97.7	171.3	1.7
Rage Fighter	40	219	27	87	82	47.1	66.1	56.6	113.3	260.3	97.7	283.8	1.7
Rage Fighter	80	411	27	151	146	78.8	109.9	94.3	188.7	412.3	97.7	463.8	1.7
Rage Fighter	120	603	27	215	210	110.5	153.6	132.1	264.1	564.3	97.7	643.8	1.7
Rage Fighter	148	738	27	260	255	132.7	184.2	158.5	316.9	670.7	97.7	769.8	1.7
