village,cls,mon,mon_id,mon_level,hp,armor,eva,acc,kind,bmin,bmax,hit,red,mult,emin,emax,avg,hits,swings,ttk1,ttk045
Lorencia(075),Dark Knight,Bull Fighter,0,6,179,15,123,112,phys,29.6,44.4,0.9092,0.1716,0.8284,24.52,36.78,30.65,6,6.6,6.6,2.97
Lorencia(075),Dark Wizard,Bull Fighter,0,6,179,15,123,106.5,phys,2.25,4.5,0.9034,0.1716,0.8284,1.86,3.73,2.8,65,71.95,71.95,32.38
Lorencia(075),Dark Wizard,Bull Fighter,0,6,179,15,123,106.5,wiz,28,45,0.9034,0.1716,0.8284,23.19,37.28,30.24,6,6.64,6.64,2.99
Lorencia(075),Fairy Elf,Bull Fighter,0,6,179,15,123,118,phys,31.15,52.6,0.9152,0.1716,0.8284,25.8,43.57,34.69,6,6.56,6.56,2.95
Lorencia(075),Dark Knight,Hound,1,9,231,18,139,112,phys,29.6,44.4,0.8951,0.1991,0.8009,23.71,35.56,29.63,8,8.94,8.94,4.02
Lorencia(075),Dark Wizard,Hound,1,9,231,18,139,106.5,phys,2.25,4.5,0.8893,0.1991,0.8009,1.8,3.6,2.7,86,96.71,96.71,43.52
Lorencia(075),Dark Wizard,Hound,1,9,231,18,139,106.5,wiz,28,45,0.8893,0.1991,0.8009,22.42,36.04,29.23,8,9.0,9.0,4.05
Lorencia(075),Fairy Elf,Hound,1,9,231,18,139,118,phys,31.15,52.6,0.9011,0.1991,0.8009,24.95,42.13,33.54,7,7.77,7.77,3.5
Lorencia(075),Dark Knight,Budge Dragon,2,4,144,13,113,112,phys,29.6,44.4,0.919,0.1522,0.8478,25.09,37.64,31.37,5,5.44,5.44,2.45
Lorencia(075),Dark Wizard,Budge Dragon,2,4,144,13,113,106.5,phys,2.25,4.5,0.9132,0.1522,0.8478,1.91,3.81,2.86,51,55.85,55.85,25.13
Lorencia(075),Dark Wizard,Budge Dragon,2,4,144,13,113,106.5,wiz,28,45,0.9132,0.1522,0.8478,23.74,38.15,30.94,5,5.48,5.48,2.46
Lorencia(075),Fairy Elf,Budge Dragon,2,4,144,13,113,118,phys,31.15,52.6,0.925,0.1522,0.8478,26.41,44.59,35.5,5,5.41,5.41,2.43
Lorencia(075),Dark Knight,Spider,3,2,110,11,103,112,phys,29.6,44.4,0.9297,0.1319,0.8681,25.7,38.54,32.12,4,4.3,4.3,1.94
Lorencia(075),Dark Wizard,Spider,3,2,110,11,103,106.5,phys,2.25,4.5,0.9239,0.1319,0.8681,1.95,3.91,2.93,38,41.13,41.13,18.51
Lorencia(075),Dark Wizard,Spider,3,2,110,11,103,106.5,wiz,28,45,0.9239,0.1319,0.8681,24.31,39.06,31.69,4,4.33,4.33,1.95
Lorencia(075),Fairy Elf,Spider,3,2,110,11,103,118,phys,31.15,52.6,0.9357,0.1319,0.8681,27.04,45.66,36.35,4,4.27,4.27,1.92
Lorencia(075),Dark Knight,Elite Bull Fighter,4,12,285,22,154,112,phys,29.6,44.4,0.8832,0.2331,0.7669,22.7,34.05,28.38,11,12.45,12.45,5.6
Lorencia(075),Dark Wizard,Elite Bull Fighter,4,12,285,22,154,106.5,phys,2.25,4.5,0.8774,0.2331,0.7669,1.73,3.45,2.59,111,126.51,126.51,56.93
Lorencia(075),Dark Wizard,Elite Bull Fighter,4,12,285,22,154,106.5,wiz,28,45,0.8774,0.2331,0.7669,21.47,34.51,27.99,11,12.54,12.54,5.64
Lorencia(075),Fairy Elf,Elite Bull Fighter,4,12,285,22,154,118,phys,31.15,52.6,0.8893,0.2331,0.7669,23.89,40.34,32.12,9,10.12,10.12,4.55
Lorencia(075),Dark Knight,Lich,6,14,320,24,164,112,phys,29.6,44.4,0.876,0.249,0.751,22.23,33.35,27.79,12,13.7,13.7,6.16
Lorencia(075),Dark Wizard,Lich,6,14,320,24,164,106.5,phys,2.25,4.5,0.8702,0.249,0.751,1.69,3.38,2.53,127,145.95,145.95,65.68
Lorencia(075),Dark Wizard,Lich,6,14,320,24,164,106.5,wiz,28,45,0.8702,0.249,0.751,21.03,33.8,27.41,12,13.79,13.79,6.21
Lorencia(075),Fairy Elf,Lich,6,14,320,24,164,118,phys,31.15,52.6,0.882,0.249,0.751,23.39,39.5,31.45,11,12.47,12.47,5.61
Lorencia(075),Dark Knight,Giant,7,17,374,27,180,112,phys,29.6,44.4,0.8652,0.2716,0.7284,21.56,32.34,26.95,14,16.18,16.18,7.28
Lorencia(075),Dark Wizard,Giant,7,17,374,27,180,106.5,phys,2.25,4.5,0.8594,0.2716,0.7284,1.64,3.28,2.46,153,178.03,178.03,80.11
Lorencia(075),Dark Wizard,Giant,7,17,374,27,180,106.5,wiz,28,45,0.8594,0.2716,0.7284,20.39,32.78,26.59,15,17.45,17.45,7.85
Lorencia(075),Fairy Elf,Giant,7,17,374,27,180,118,phys,31.15,52.6,0.8713,0.2716,0.7284,22.69,38.31,30.5,13,14.92,14.92,6.71
Lorencia(075),Dark Knight,Skeleton Warrior,14,19,411,30,190,112,phys,29.6,44.4,0.859,0.293,0.707,20.93,31.39,26.16,16,18.63,18.63,8.38
Lorencia(075),Dark Wizard,Skeleton Warrior,14,19,411,30,190,106.5,phys,2.25,4.5,0.8532,0.293,0.707,1.59,3.18,2.39,173,202.77,202.77,91.25
Lorencia(075),Dark Wizard,Skeleton Warrior,14,19,411,30,190,106.5,wiz,28,45,0.8532,0.293,0.707,19.8,31.82,25.81,16,18.75,18.75,8.44
Lorencia(075),Fairy Elf,Skeleton Warrior,14,19,411,30,190,118,phys,31.15,52.6,0.865,0.293,0.707,22.02,37.19,29.61,14,16.18,16.18,7.28
Noria(075),Dark Knight,Goblin,26,3,110,11,103,112,phys,29.6,44.4,0.9297,0.1319,0.8681,25.7,38.54,32.12,4,4.3,4.3,1.94
Noria(075),Dark Wizard,Goblin,26,3,110,11,103,106.5,phys,2.25,4.5,0.9239,0.1319,0.8681,1.95,3.91,2.93,38,41.13,41.13,18.51
Noria(075),Dark Wizard,Goblin,26,3,110,11,103,106.5,wiz,28,45,0.9239,0.1319,0.8681,24.31,39.06,31.69,4,4.33,4.33,1.95
Noria(075),Fairy Elf,Goblin,26,3,110,11,103,118,phys,31.15,52.6,0.9357,0.1319,0.8681,27.04,45.66,36.35,4,4.27,4.27,1.92
Noria(075),Dark Knight,Chain Scorpion,27,5,149,13,115,112,phys,29.6,44.4,0.9169,0.1522,0.8478,25.09,37.64,31.37,5,5.45,5.45,2.45
Noria(075),Dark Wizard,Chain Scorpion,27,5,149,13,115,106.5,phys,2.25,4.5,0.9111,0.1522,0.8478,1.91,3.81,2.86,53,58.17,58.17,26.18
Noria(075),Dark Wizard,Chain Scorpion,27,5,149,13,115,106.5,wiz,28,45,0.9111,0.1522,0.8478,23.74,38.15,30.94,5,5.49,5.49,2.47
Noria(075),Fairy Elf,Chain Scorpion,27,5,149,13,115,118,phys,31.15,52.6,0.923,0.1522,0.8478,26.41,44.59,35.5,5,5.42,5.42,2.44
Noria(075),Dark Knight,Beetle Monster,28,10,248,19,144,112,phys,29.6,44.4,0.891,0.2079,0.7921,23.45,35.17,29.31,9,10.1,10.1,4.55
Noria(075),Dark Wizard,Beetle Monster,28,10,248,19,144,106.5,phys,2.25,4.5,0.8852,0.2079,0.7921,1.78,3.56,2.67,93,105.06,105.06,47.28
Noria(075),Dark Wizard,Beetle Monster,28,10,248,19,144,106.5,wiz,28,45,0.8852,0.2079,0.7921,22.18,35.65,28.91,9,10.17,10.17,4.58
Noria(075),Fairy Elf,Beetle Monster,28,10,248,19,144,118,phys,31.15,52.6,0.897,0.2079,0.7921,24.67,41.67,33.17,8,8.92,8.92,4.01
Noria(075),Dark Knight,Hunter,29,13,308,23,161,112,phys,29.6,44.4,0.8781,0.2411,0.7589,22.46,33.7,28.08,11,12.53,12.53,5.64
Noria(075),Dark Wizard,Hunter,29,13,308,23,161,106.5,phys,2.25,4.5,0.8723,0.2411,0.7589,1.71,3.42,2.56,121,138.71,138.71,62.42
Noria(075),Dark Wizard,Hunter,29,13,308,23,161,106.5,wiz,28,45,0.8723,0.2411,0.7589,21.25,34.15,27.7,12,13.76,13.76,6.19
Noria(075),Fairy Elf,Hunter,29,13,308,23,161,118,phys,31.15,52.6,0.8841,0.2411,0.7589,23.64,39.92,31.78,10,11.31,11.31,5.09
Noria(075),Dark Knight,Forest Monster,30,15,349,26,173,112,phys,29.6,44.4,0.8698,0.2642,0.7358,21.78,32.67,27.22,13,14.95,14.95,6.73
Noria(075),Dark Wizard,Forest Monster,30,15,349,26,173,106.5,phys,2.25,4.5,0.864,0.2642,0.7358,1.66,3.31,2.48,141,163.19,163.19,73.44
Noria(075),Dark Wizard,Forest Monster,30,15,349,26,173,106.5,wiz,28,45,0.864,0.2642,0.7358,20.6,33.11,26.86,13,15.05,15.05,6.77
Noria(075),Fairy Elf,Forest Monster,30,15,349,26,173,118,phys,31.15,52.6,0.8758,0.2642,0.7358,22.92,38.7,30.81,12,13.7,13.7,6.17
Noria(075),Dark Knight,Agon,31,16,369,27,178,112,phys,29.6,44.4,0.8665,0.2716,0.7284,21.56,32.34,26.95,14,16.16,16.16,7.27
Noria(075),Dark Wizard,Agon,31,16,369,27,178,106.5,phys,2.25,4.5,0.8607,0.2716,0.7284,1.64,3.28,2.46,151,175.43,175.43,78.95
Noria(075),Dark Wizard,Agon,31,16,369,27,178,106.5,wiz,28,45,0.8607,0.2716,0.7284,20.39,32.78,26.59,14,16.27,16.27,7.32
Noria(075),Fairy Elf,Agon,31,16,369,27,178,118,phys,31.15,52.6,0.8726,0.2716,0.7284,22.69,38.31,30.5,13,14.9,14.9,6.7
Noria(075),Dark Knight,Stone Golem,32,18,411,30,190,112,phys,29.6,44.4,0.859,0.293,0.707,20.93,31.39,26.16,16,18.63,18.63,8.38
Noria(075),Dark Wizard,Stone Golem,32,18,411,30,190,106.5,phys,2.25,4.5,0.8532,0.293,0.707,1.59,3.18,2.39,173,202.77,202.77,91.25
Noria(075),Dark Wizard,Stone Golem,32,18,411,30,190,106.5,wiz,28,45,0.8532,0.293,0.707,19.8,31.82,25.81,16,18.75,18.75,8.44
Noria(075),Fairy Elf,Stone Golem,32,18,411,30,190,118,phys,31.15,52.6,0.865,0.293,0.707,22.02,37.19,29.61,14,16.18,16.18,7.28
Noria(075),Dark Knight,Elite Goblin,33,8,208,17,132,112,phys,29.6,44.4,0.901,0.1902,0.8098,23.97,35.96,29.96,7,7.77,7.77,3.5
Noria(075),Dark Wizard,Elite Goblin,33,8,208,17,132,106.5,phys,2.25,4.5,0.8952,0.1902,0.8098,1.82,3.64,2.73,77,86.01,86.01,38.71
Noria(075),Dark Wizard,Elite Goblin,33,8,208,17,132,106.5,wiz,28,45,0.8952,0.1902,0.8098,22.68,36.44,29.56,8,8.94,8.94,4.02
Noria(075),Fairy Elf,Elite Goblin,33,8,208,17,132,118,phys,31.15,52.6,0.9071,0.1902,0.8098,25.23,42.6,33.91,7,7.72,7.72,3.47
Elvenland(S6),Dark Knight,Strange Rabbit,418,4,110,11,103,112,phys,29.6,44.4,0.9297,0.1319,0.8681,25.7,38.54,32.12,4,4.3,4.3,1.94
Elvenland(S6),Dark Wizard,Strange Rabbit,418,4,110,11,103,106.5,phys,2.25,4.5,0.9239,0.1319,0.8681,1.95,3.91,2.93,38,41.13,41.13,18.51
Elvenland(S6),Dark Wizard,Strange Rabbit,418,4,110,11,103,106.5,wiz,28,45,0.9239,0.1319,0.8681,24.31,39.06,31.69,4,4.33,4.33,1.95
Elvenland(S6),Fairy Elf,Strange Rabbit,418,4,110,11,103,118,phys,31.15,52.6,0.9357,0.1319,0.8681,27.04,45.66,36.35,4,4.27,4.27,1.92
Elvenland(S6),Dark Knight,Polluted Butterfly,419,13,170,15,121,112,phys,29.6,44.4,0.9111,0.1716,0.8284,24.52,36.78,30.65,6,6.59,6.59,2.96
Elvenland(S6),Dark Wizard,Polluted Butterfly,419,13,170,15,121,106.5,phys,2.25,4.5,0.9053,0.1716,0.8284,1.86,3.73,2.8,61,67.38,67.38,30.32
Elvenland(S6),Dark Wizard,Polluted Butterfly,419,13,170,15,121,106.5,wiz,28,45,0.9053,0.1716,0.8284,23.19,37.28,30.24,6,6.63,6.63,2.98
Elvenland(S6),Fairy Elf,Polluted Butterfly,419,13,170,15,121,118,phys,31.15,52.6,0.9171,0.1716,0.8284,25.8,43.57,34.69,5,5.45,5.45,2.45
Elvenland(S6),Dark Knight,Hideous Rabbit,420,19,210,17,133,112,phys,29.6,44.4,0.9002,0.1902,0.8098,23.97,35.96,29.96,8,8.89,8.89,4.0
Elvenland(S6),Dark Wizard,Hideous Rabbit,420,19,210,17,133,106.5,phys,2.25,4.5,0.8944,0.1902,0.8098,1.82,3.64,2.73,77,86.1,86.1,38.74
Elvenland(S6),Dark Wizard,Hideous Rabbit,420,19,210,17,133,106.5,wiz,28,45,0.8944,0.1902,0.8098,22.68,36.44,29.56,8,8.95,8.95,4.03
Elvenland(S6),Fairy Elf,Hideous Rabbit,420,19,210,17,133,118,phys,31.15,52.6,0.9062,0.1902,0.8098,25.23,42.6,33.91,7,7.72,7.72,3.48
Elvenland(S6),Dark Knight,Werewolf,421,24,244,19,143,112,phys,29.6,44.4,0.8918,0.2079,0.7921,23.45,35.17,29.31,9,10.09,10.09,4.54
Elvenland(S6),Dark Wizard,Werewolf,421,24,244,19,143,106.5,phys,2.25,4.5,0.886,0.2079,0.7921,1.78,3.56,2.67,92,103.84,103.84,46.73
Elvenland(S6),Dark Wizard,Werewolf,421,24,244,19,143,106.5,wiz,28,45,0.886,0.2079,0.7921,22.18,35.65,28.91,9,10.16,10.16,4.57
Elvenland(S6),Fairy Elf,Werewolf,421,24,244,19,143,118,phys,31.15,52.6,0.8978,0.2079,0.7921,24.67,41.67,33.17,8,8.91,8.91,4.01
Elvenland(S6),Dark Knight,Cursed Lich,422,30,285,22,154,112,phys,29.6,44.4,0.8832,0.2331,0.7669,22.7,34.05,28.38,11,12.45,12.45,5.6
Elvenland(S6),Dark Wizard,Cursed Lich,422,30,285,22,154,106.5,phys,2.25,4.5,0.8774,0.2331,0.7669,1.73,3.45,2.59,111,126.51,126.51,56.93
Elvenland(S6),Dark Wizard,Cursed Lich,422,30,285,22,154,106.5,wiz,28,45,0.8774,0.2331,0.7669,21.47,34.51,27.99,11,12.54,12.54,5.64
Elvenland(S6),Fairy Elf,Cursed Lich,422,30,285,22,154,118,phys,31.15,52.6,0.8893,0.2331,0.7669,23.89,40.34,32.12,9,10.12,10.12,4.55
Elvenland(S6),Dark Knight,Totem Golem,423,36,327,24,166,112,phys,29.6,44.4,0.8746,0.249,0.751,22.23,33.35,27.79,12,13.72,13.72,6.17
Elvenland(S6),Dark Wizard,Totem Golem,423,36,327,24,166,106.5,phys,2.25,4.5,0.8688,0.249,0.751,1.69,3.38,2.53,130,149.64,149.64,67.34
Elvenland(S6),Dark Wizard,Totem Golem,423,36,327,24,166,106.5,wiz,28,45,0.8688,0.249,0.751,21.03,33.8,27.41,12,13.81,13.81,6.22
Elvenland(S6),Fairy Elf,Totem Golem,423,36,327,24,166,118,phys,31.15,52.6,0.8806,0.249,0.751,23.39,39.5,31.45,11,12.49,12.49,5.62
Elvenland(S6),Dark Knight,Grizzly,424,43,376,27,180,112,phys,29.6,44.4,0.8652,0.2716,0.7284,21.56,32.34,26.95,14,16.18,16.18,7.28
Elvenland(S6),Dark Wizard,Grizzly,424,43,376,27,180,106.5,phys,2.25,4.5,0.8594,0.2716,0.7284,1.64,3.28,2.46,153,178.03,178.03,80.11
Elvenland(S6),Dark Wizard,Grizzly,424,43,376,27,180,106.5,wiz,28,45,0.8594,0.2716,0.7284,20.39,32.78,26.59,15,17.45,17.45,7.85
Elvenland(S6),Fairy Elf,Grizzly,424,43,376,27,180,118,phys,31.15,52.6,0.8713,0.2716,0.7284,22.69,38.31,30.5,13,14.92,14.92,6.71
Elvenland(S6),Dark Knight,Captain Grizzly,425,48,411,30,190,112,phys,29.6,44.4,0.859,0.293,0.707,20.93,31.39,26.16,16,18.63,18.63,8.38
Elvenland(S6),Dark Wizard,Captain Grizzly,425,48,411,30,190,106.5,phys,2.25,4.5,0.8532,0.293,0.707,1.59,3.18,2.39,173,202.77,202.77,91.25
Elvenland(S6),Dark Wizard,Captain Grizzly,425,48,411,30,190,106.5,wiz,28,45,0.8532,0.293,0.707,19.8,31.82,25.81,16,18.75,18.75,8.44
Elvenland(S6),Fairy Elf,Captain Grizzly,425,48,411,30,190,118,phys,31.15,52.6,0.865,0.293,0.707,22.02,37.19,29.61,14,16.18,16.18,7.28
